transaction_id,probability,labels,department
reyklbunen,0.23845442869622113,0,Movies
ksynervphy,0.23480828680859248,0,Books
ykfzmyueno,0.11001950715579539,1,Music
vtpkodpvep,0.17335459364750902,0,Music
gilxcwbtah,0.08406845005147967,0,Groceries
rrchjnlrhj,0.05614374841593339,0,Music
tzvoyyuyus,0.2678786480001747,0,Books
jxqnqhsexa,0.01748807224828015,0,Music
cvwbnowsqf,0.07070184850990278,0,Groceries
butduffcwx,0.18884727519000788,0,Computer
dqkdsksghq,0.21268067672277424,0,Books
njnwdbiqlu,0.06954701800984273,0,Books
medtyriglc,0.3001206826110941,0,Books
unlfhtxdqd,0.13611929332126993,0,Movies
icdwnlruwo,0.44121094904635677,0,Movies
ijfpbxmljk,0.5770530293057566,0,Groceries
bjfxmdlepi,0.16806543243302113,0,Movies
axavyshnfq,0.22993664582284695,0,Computer
dadzdbzixl,0.13195573636792898,1,Computer
xpatrizuvv,0.11484563817356819,0,Movies
pvssaevnxs,0.35013210479631046,0,Movies
gjezkpfxys,0.11362677655231553,0,Groceries
hzjdoxvqeo,0.1079212382339818,0,Groceries
rqovrviueh,0.06234135958172385,0,Books
elviiilnnz,0.17634721244369528,0,Music
swlvccitwj,0.15103090634112137,0,Groceries
sdcifttdje,0.05585453932514237,0,Groceries
nigtfygbri,0.047727112898716804,0,Books
jnnlkpqcon,0.19736891351960334,0,MISC
qlkdcwowqh,0.18049328560629027,0,Groceries
oxgndiarmr,0.2378362342303281,0,Music
gxcelpnvyl,0.48107732742093223,0,Movies
tyysqdnsux,0.5184070511566437,0,Movies
ocosohsxhm,0.0998269823665281,0,Groceries
euddrdlxdr,0.10156126459509383,0,Music
cicmbuaihx,0.0008286428037946426,0,Movies
trxkwovqcu,0.008796000768825606,0,Computer
iqdrexyhay,0.10179090597960161,0,Books
ayrtfxubrz,0.14395086816712474,0,Computer
zvvqnnfsta,0.028058255142205148,0,Books
uhjtmklnro,0.042928539801147074,0,Groceries
fcwsigcqzx,0.3854505398903738,0,Groceries
bpxdcvhinx,0.33122906107246686,0,Music
dlgwwtbhtw,0.35335012416058276,0,Computer
qnrtnqtywa,0.14727751511443465,0,Computer
ojljpyhvkj,0.0005383367814708286,1,MISC
qrdiohxntf,0.04654684432266986,0,Computer
fdjpczuzet,0.8224717891953459,0,Books
ixdfkemahm,0.14580407026008554,0,Groceries
aocqlsfdsd,0.2626630889922576,0,Computer
vdjvyskucy,0.4017808970116765,1,Groceries
drhpzrbyyr,0.013540499858675965,0,Music
lohwtqclyn,0.48453997246872105,0,Movies
ysrlcxsmct,0.07044007267330127,0,Computer
aeehcbhhbv,0.011543410640432919,0,Movies
icnryutdix,0.27085230831189383,0,Books
knpuedmxnt,0.05910063026756271,0,Groceries
ltyztiagsa,0.30373482673693064,0,MISC
mievneqals,0.9816236658418463,0,Computer
saohihhaaf,0.21864881395659697,0,Music
frkdlpffuf,0.10328653593280242,0,Groceries
yhomrjetsm,0.2897157528757663,0,Groceries
gbjkwflcuq,0.42631039816243144,0,MISC
krctuquoly,0.0376313154104543,0,Books
vxfuzmfump,0.17069315364664778,0,Books
rhanoswsll,0.2303033465056931,0,Groceries
ljmnwgswjr,0.48130412401989614,0,MISC
zcnuhdksvu,0.1328718421767596,0,Movies
aplrxqhjiz,0.026077223041622195,0,Music
dkffrzdktt,0.09263645553860606,0,Movies
rwpviqihrb,0.12423417074828523,0,Movies
pgdgkakwnx,0.04615847770729184,0,Books
vavqakhpxt,0.2347134407347824,0,Groceries
vzyoatnkge,0.12566770747493047,0,Movies
fabduxajub,0.12807793258474312,0,MISC
cajwnbsqmh,0.018974228202590742,0,Groceries
lxzwbhqalu,1.0,0,MISC
giycbntpgz,0.0724708074846024,0,Groceries
sjrdpkuwvz,0.010068671380586848,0,Computer
nacizmfrld,0.07283462797831856,0,MISC
pbmjejraxy,0.10605919714468709,0,Computer
dbmhkugzbf,0.1847387069920268,0,Music
sizpvzaoye,0.04138115728756595,0,Music
wrrvwcuogf,0.1371137088827793,0,Books
tjjvuuuubm,0.5011789971399678,0,Music
gbmpldvuht,0.07570905095736974,0,MISC
zuabdymapy,0.028455726112078163,0,Computer
utseoeuacs,0.054427347467744885,0,Movies
aksamqyskq,0.008836964348104062,0,Music
ijksdnvqoh,0.1502423649635923,0,Music
geulirxult,0.13268251116009452,1,MISC
fiekkmcdxv,0.016073476466723236,0,Books
gfukmxgnvg,0.6593916152233019,0,Groceries
owscbvvqxi,0.020998607551456334,0,Books
vmwzgprnyf,0.11717008078161589,0,Groceries
vftpwycgpa,0.4551982502972056,0,Music
klirnietam,0.2301593907094239,0,MISC
pttdknmuol,0.062096218513688156,0,Music
bwzfijanja,0.993321607912918,0,Music
dzoqaxbflp,0.0778891455483006,1,Books
ynfmpewkvo,0.05291809237853722,0,Music
cwfsmntdux,0.0660441026927998,0,Computer
xrvehaghrh,0.8083265413498171,0,Music
kyyymnkizy,0.15923119682416345,0,MISC
sgzrseasoe,0.19996191287261142,0,Music
olikrgeyiv,0.21090524060031612,1,Groceries
fusqsdthii,0.009396358813797943,0,Movies
qoucprqkvx,0.2874655580352407,0,Computer
hqpstlvstf,0.6364593301830163,0,Groceries
pvupgamxdt,0.24038141983299632,0,Books
klniatxxhb,0.03221638220474022,0,Groceries
nusqzrafuv,0.014117238670473707,0,Books
hbvaprxvms,0.06492313561105055,0,Music
ufrejmivch,0.001553520800544415,0,Books
tcffldmjqx,0.07660778527824989,0,Computer
cvcmvasimm,0.25123351640332975,0,Movies
exuyjvhdvt,0.1697950116121941,0,Groceries
houkfnxler,0.016137559947402503,0,Music
zsrhvbuzfz,0.1771007831393657,0,Movies
esunzlzkyr,0.1388541306234336,0,Music
cmjfgalwjm,0.4396265273425815,0,Music
loknhkcivv,0.010699382934095085,0,Music
xpcveprcup,0.15553972870317093,1,Books
oahnrscmcs,0.505519151653753,0,Computer
aioislzmdk,0.14756230656091915,0,Computer
wdaxmoqjuw,0.08175728557967944,0,Movies
gpqbtxgaph,0.1023025421670977,0,Music
ommputcaje,0.05547238351449995,0,Books
kflyqduxbv,0.0857868685628528,0,Movies
wlwklgmplt,0.13023641447474918,0,Movies
ytqdofmiuz,0.07923167784064912,0,MISC
yksqwauqyy,0.24731519747637645,1,Groceries
dnotoqetvh,0.3611700182587616,0,Books
enkuqknwuw,0.27293414232833724,0,Music
zrrflehqfx,0.17352503240411202,0,Books
syonmzxkla,0.042474286080383165,0,Computer
yckfrncwhj,0.01726840332774399,0,Computer
untfdjcljp,0.08154445457791368,0,Movies
olymlslsgs,0.017632611816680823,1,Music
tqwblhgnut,0.052971933591863134,0,Movies
vbfeibljkv,0.04030083415791546,0,Groceries
xhwdazdlwr,0.3026135335657255,0,Groceries
diuujavyfb,0.6145102203005189,0,Movies
nwpmnqqncx,0.11294588659866943,0,Books
smimojwxbi,0.12723572858442894,0,Music
mmvyuogywr,0.024892686564923647,0,MISC
gdfkuqvqjl,0.027645890442713074,0,Movies
lkzmmabbne,0.0893898767068868,0,Music
uhwevdqvyq,0.24539998555563322,0,Music
lazxwfbgaf,0.03405272248038487,0,Computer
hrporwmmrc,0.07547799195317706,0,MISC
xmwncymxqt,0.2455950888500191,0,Books
rcfukurbco,0.008306780925997756,0,Movies
wkekszhvdi,0.3128747774561886,0,Computer
cojjhfvvro,0.18933815268325038,0,Movies
xrdjvfhiby,0.5191794882933111,0,MISC
hfasqhoxbj,0.1424259336114374,0,Computer
liczahbnij,0.03135164434207729,0,Groceries
ousknnkmda,0.7158131394157183,1,Movies
nyvlwztzvv,0.22511519426050397,0,MISC
dgbeejbknw,0.011865776214137484,0,Movies
eltthtrvcu,0.1674413668881909,0,Computer
nrytultryg,0.021713103768734296,0,Groceries
sohvjwlowb,0.43624718163986426,0,Music
mlnjfnrjkb,0.17750381504224522,0,MISC
asalcvnppd,0.5004439707222231,0,MISC
cfbkyrmbqy,0.02995713422890854,0,Computer
twpqebuebv,0.4662203090670173,0,Movies
gmrokxckch,0.2167742193010298,0,Music
kqctjfrwaz,0.01294513469936064,0,MISC
zkprrvmrxf,0.24715165887640045,0,MISC
oxjwjfdwdy,0.09403565629051486,0,Groceries
jchbiqtgiz,0.21119901261271537,0,Computer
odnibcsnjx,0.04576360500465673,0,MISC
qkhhczhroh,0.18970198962278817,0,MISC
tvnoywvotx,0.100850545673268,0,Groceries
xruhcsreac,1.0,0,Books
tosfqzodhc,0.1603862880929684,0,Books
tzspjevhmv,0.05229631977583576,0,Computer
edgrmpxznz,0.011247826595335476,0,MISC
ykuxevfucm,0.010659259208012261,0,MISC
rllcpblwlr,0.628888341801423,0,Movies
syypdsjdbx,0.02810892390252346,0,Movies
pidfjjjrgb,0.14239461927127858,0,Groceries
xyufvixxhl,1.6378193328271392e-05,1,Groceries
hakuetzwyc,0.0663075084907235,0,MISC
vorpmbhqnt,0.272996975631788,0,MISC
spvpzyasdj,0.2694254381273083,0,Computer
lnjamlyttc,0.13723748017234283,0,Groceries
exskhmrpvm,0.30397850888093836,0,Books
psojxjpsyu,0.32595503222311306,0,Computer
taxotjulhy,0.7881508060878024,0,Groceries
cdccequdlt,0.22511232296732692,0,Groceries
morqdhpuhm,0.10135478580674667,0,Books
emjakvpjnw,0.1636633817473658,0,MISC
xezewabovl,0.020816995802134464,0,Movies
koaoqsttno,0.031968700831844075,0,Groceries
zjzmqgokpm,0.2873441938826253,0,Computer
euxbxoxuxf,0.8105167830312182,0,Books
vcrwdwcpsc,0.4763301873677884,0,Groceries
ldlspjqiqv,0.029160890664623636,0,Music
smeoluuwtp,0.006279445718076118,0,MISC
yyjnyxxaym,0.14883177511076343,0,Groceries
rgplbtbxfs,0.6272688307783689,1,Music
dhqqdlymty,0.007817118716324399,0,Computer
ocooaegliu,0.04080826936824928,0,Groceries
mwhewniiaz,0.2828941931075656,0,Computer
umegphycso,0.45933628522895076,0,Computer
lgvhdhqwgf,0.32538207298701954,0,Music
binonsisls,0.007621824864093438,0,MISC
ccvcfnpaib,0.4171260674360417,0,Computer
tpdcihtymq,0.06717317345030609,0,Music
jetwbkqewx,0.13544533691953167,0,MISC
ilvuwmtmpp,0.4121850383361683,0,Groceries
gfzxficplw,0.11346837727763244,0,Books
jngkphustj,0.3909888717660695,0,Groceries
qwxcimzrow,0.19831420506953204,0,Computer
lpgpbpklhb,0.1858887894506658,0,Movies
zglzjotqfd,0.008353611928982875,0,Movies
yfdufkpaap,0.26396343054854876,0,Groceries
bqdfecbrci,0.11418085156398146,0,Groceries
qrltdylbgf,0.14918791593301078,0,MISC
gurubsdktm,0.1320628689388706,0,Movies
xlzqifnzmz,0.24170315561658887,0,MISC
mhurytmefw,0.4186345675866794,0,Computer
dsnzvlutsk,0.12219613770753067,0,MISC
axhdpfdjpw,0.2867682535663932,0,MISC
lwchkrihxx,0.18166561157521202,0,Books
gknxtiqcts,0.006436247277129419,0,Music
hmqgjektgg,0.5687979189829041,0,Books
wydhrdfboo,0.3101121847454751,0,Movies
wvajqwlgmk,0.1552957942056426,0,Movies
bwnwulpkxw,0.42999904563115365,0,Music
guffpoulbz,0.20847577632791078,0,Books
kdzwctprhs,0.2203268363307893,0,Computer
oranlbiljh,0.08772118767899839,1,Books
tgaxqmerlt,0.06503136178839662,0,Groceries
ruzehviazd,0.08717220467265924,0,Music
cmfpensuml,0.04993047648651655,0,Movies
fxicwfxcxv,0.19421717507896452,0,Books
wqiqmdevcf,0.3231684594779066,0,Groceries
lpgtijhnkf,0.11088865227814666,0,Music
yaykecpkfv,0.18361625602223708,0,Groceries
aideifkhuz,0.50495581816331,0,Groceries
cjnjdhwcoj,0.21316216775956467,0,Groceries
ckxpiwsunf,0.035666948861313594,1,Music
vnrurtrqsz,0.2457893038245895,0,Groceries
gczkdcdqip,0.6844549042940958,0,MISC
swowxlbgyc,0.2568761610456263,0,Music
xswpimgwhd,0.02242226369138891,0,Books
gxjumpadmv,0.30282027469097916,0,MISC
zzvokbrmqk,0.09179003213395662,0,MISC
ahmukeaewp,0.294082355960712,0,Books
kbwvsgxgsn,0.07316299544061704,0,Groceries
lsqaksjsgc,0.12579038499627188,0,Movies
zyqzbplnlv,0.03817676380272977,0,Music
eswaizxfkw,0.02044189834056693,0,Groceries
kytctkrqcb,0.12348662069775801,0,Groceries
htpupwuntr,0.2975645079590507,0,Computer
ftgetuecac,0.1959602209651404,0,Books
zmuxhgfuop,0.18918066635773162,0,Books
lfbxvxwvfq,0.1663414955418924,0,Music
xzwoveabhi,0.003026006455302722,0,Groceries
dbcbiyxcrh,0.3157614737984813,0,Computer
xacdyzajmz,0.1985295799195806,0,Music
iumhslcndo,0.5729120912850418,0,Movies
vyqcdbhiqt,0.1940392594231023,0,Music
ztlwxuzzkk,0.16587374868562427,0,Music
rliaybzqac,0.33566505637695654,0,Groceries
wplnzxdfqj,0.09367395813747986,0,Movies
gvxcmiafww,0.7106181131036751,0,Music
czsmwkqvrq,0.1231277305747409,0,Computer
czyhafawnw,0.056117403613332284,0,MISC
fwpzxtvnap,0.07705011612287004,0,Music
kdprrsrjpk,0.04704119188309689,0,Music
southxldrb,0.37047419659343217,1,Music
xpujpchmqm,0.13915984534589707,0,Computer
qhulicdvcs,0.08352683424904384,0,Groceries
txdbqxpwgw,0.5877475164753352,0,Movies
oafnkdgncl,0.08225263603137738,0,Music
psjsujfhau,0.06570079980172731,0,Music
nvnqnpsfvw,0.3229226186608667,0,Computer
drbqzlmszb,0.36652241224635673,0,Books
jwagmqaxrh,0.19614689321221873,0,Books
rltvxrlncp,0.20701116079156068,0,MISC
wqpzimfxjp,0.3132731476347051,0,Movies
unmphbmasw,0.20998914459313456,0,MISC
eyecfnjmfu,1.0,0,Computer
gqkdrpbjsh,0.3516514295707436,0,Movies
zhhndubkvi,0.16791656236163188,0,Computer
gecpsvahyh,0.36077827386165806,0,MISC
zqbuhrytid,0.011883801155111562,0,Groceries
vxsgwqwehs,0.5059735220716979,0,Books
xknvexeucz,0.560133118158859,0,Computer
funetdejoe,0.05653702724510082,0,MISC
xumncdoxkc,0.1331498579005548,0,Music
jxvgrdjsau,0.11859570789783132,1,MISC
grpbfqkhbw,0.09921886816158287,0,Movies
iqcqyhwdxv,0.23866726491093646,0,MISC
oxhkmdtyvj,0.3763110101785558,0,Groceries
amyrszmges,0.057512522934670234,0,Music
wqumbvsoqu,0.09664015556038749,0,Books
zqpqwzgstf,0.11394148011069445,0,Movies
panlcbxfio,0.2881616666466723,0,Movies
ujjyivrxru,0.04987972116005032,0,Movies
qgkmgsjbew,0.11461401335095041,0,Music
cukbkythvi,0.3937567271822699,1,Music
uefdbwlgxu,0.2713166383895198,0,MISC
thofpchvpj,0.0044039197009052376,1,MISC
agtsjhludo,0.07465849932418371,0,Computer
jecskmccae,0.06705523470764467,0,MISC
xekuvkgjxu,0.052211558965021235,0,Music
faaivewyqw,0.16643186387854514,0,Books
sdxkuiwrre,0.1284877263261918,0,Music
htquehjnmh,0.43136581920293215,0,Movies
meogwchnug,0.06678157556294712,0,Groceries
pxupgnkasl,0.09998384201008466,0,Books
vatagobycy,0.4100864655467115,0,Music
mutnjoljnz,0.14992516963467956,0,Computer
fshifnljqr,0.2096794598349117,0,Movies
yszhihcntu,0.06681407384794673,0,Books
qkbpgtsdqs,0.34488081235026224,0,MISC
bfyghjffkv,0.08328390936010852,0,Movies
knqabvuhps,0.1904729303045132,0,Books
welaxasbeq,0.009348071888001462,0,MISC
ihewhzhswl,0.003990770224238054,0,Groceries
obmqlgeviv,0.07607225897905145,0,Books
fszhfwpnql,0.16896809654435976,0,Books
qjlpgqyzbd,0.02133493222158623,0,MISC
iegtynhffu,0.4169523796793577,0,Music
obrwwqensy,0.09210220253861756,0,Groceries
gnnlsgdpdn,0.18525406865138333,0,Movies
qhhawhpahk,0.04347015899351859,0,Movies
uvgattcaci,0.01693754663267296,0,Movies
qhvecwrbdl,0.23399739666284855,0,Groceries
zauzpdznyu,0.050532618011357944,0,Movies
ljywwvpnyz,0.02660604687421282,0,Books
dvhethfjnn,0.25614430795866866,0,Computer
joumlznlyt,0.0346842645522201,0,Groceries
msknkwvvzd,0.22412739949138993,0,Computer
cncqmgmnli,0.40888534852773567,0,Movies
ctkkstvlkt,0.666591998889992,0,Movies
xligvfdtpr,0.08048648849553751,0,Music
uchrxbpjuf,0.15320440113850986,0,Books
xzxutqniie,0.08694754066986776,0,Books
moaskavqbj,0.00814628587974856,1,Computer
qxyllxkjjo,0.07399817470541813,0,MISC
oxrxgzvkao,0.11125957653854338,0,Movies
bxiqyxcaty,0.019566095430317412,0,Movies
zjqlfcixbv,0.12280106675999164,0,Groceries
sblgqmophq,0.26935529377327544,0,Books
lekuqwofdv,0.050109149908471644,0,Movies
zwkdjcamrz,0.25039241284993496,0,Movies
nvtytqvpep,0.17403559588885967,0,Movies
ehtbphsqlr,0.08318643434387224,0,Music
tbumyiwndj,0.154250173634195,0,Music
ctfeqapfxq,0.05752422944020107,0,Computer
qrdtcalvht,0.11700023715712482,0,Computer
ueueqklcmz,0.2881658542624001,0,Music
jafgosteok,0.14968659873625573,0,Groceries
zqurclyzrt,0.13762034568162762,0,Books
ntybdlcxne,0.13505753828131292,0,Books
cxmvtijpwj,0.19524481986220962,0,Music
wxoawlrggv,0.18058702290675493,0,Movies
pxychcnhfe,0.32946189892438493,0,Books
lvdmolephi,0.0789749558532819,0,Computer
tueyswjxza,0.11325342430263524,0,Music
aqucsnyexj,0.07571452717035945,0,Groceries
vfptbeozay,0.8410661199169255,1,Music
etwkucwlow,0.12448472657936271,0,Music
juvhqvxyft,0.07545167219981243,0,MISC
lfvwzmmjxi,0.06141306733590205,0,Computer
ikexgtuecp,0.10650835849217913,0,Groceries
htvxvefqbg,0.15760864665046448,0,Computer
urimzjlfio,0.16589745571711714,0,Music
ardnbsorrq,0.04421328578016382,0,Computer
sdnupfolez,0.3253538809144375,0,Movies
lunxpbewgz,0.04040397066641623,0,Books
itzjzzageu,0.015328141595358669,0,Movies
unacqmqwgt,0.12909668069282473,0,Computer
paniecxbvl,0.4307310617385932,0,Movies
rvwciyobtv,0.19234340893562266,0,Groceries
cxyxykxxyj,0.4131792617555764,0,Music
hlomuevesd,0.11692046851441479,1,Computer
hjhgrosalt,0.04289988311991625,0,MISC
fltgjlkrlx,0.07833149604277688,0,MISC
ffdikoosbe,0.008752538702054133,0,Books
rkmipgomjs,0.06485751438394395,0,Computer
msqfsziosa,0.22638365671966493,0,Music
iqscthsqpu,0.06971127010681635,0,Books
ycsdigehon,0.2308335750044626,0,Groceries
lidxrrlyph,0.4010078229707814,0,Computer
jpwpqqbelm,0.058133800740576225,0,Movies
tscbjlhcqg,0.0469583329399842,0,Movies
xzcaskwckp,0.04950418201962273,0,Computer
oxtqwtoumr,0.49560533855293465,0,Computer
dfyjmvzovr,0.017135691690809873,0,Music
kurjzokwdr,0.030550336454676176,0,Movies
emyxywjyik,0.006604346250325074,0,Computer
dphwarfleh,0.2225711354997512,0,Computer
jnrtftrosw,0.058508181143612,1,Books
lhwvvpapdi,0.05769935821326801,1,Computer
qdwtlbgbqd,0.03606423308335007,0,Groceries
ugwuwttqff,0.016302811127145135,0,Groceries
ovenayubfg,0.0508624879533213,0,Movies
jwcvknlfvw,0.1380589055887759,0,Books
asqbsiaktt,0.3591510052308004,0,Groceries
urdzihjwpy,0.10778428984361449,0,Music
ydkvvaqiru,0.01131017837304751,0,Groceries
uxsjwzisns,0.20079787173773772,0,Computer
eyavxafril,0.0703270464577086,0,MISC
wfqmxqvkwo,0.43031273968529704,0,Movies
cjkempslca,0.014849928346501978,0,Books
asitezsdqe,0.314396513054229,1,Movies
mtujhjzzue,1.0,0,Music
erwftvsoay,0.39466709776868214,0,Movies
ysfvemgbzf,0.14042540098751105,0,Movies
fgbgfdwvue,0.2541263778530291,0,Music
uhejpmwigb,0.07565845698388284,0,Movies
clpvngdvml,0.20849641579407244,0,MISC
lkwaqsznfv,0.1052461661614706,0,Books
lpilupadsb,0.09739953248839772,0,Books
uldsgsakdp,0.1685372899878291,0,Computer
gbhjozqajq,0.7361099184323203,0,Movies
taicounooj,0.4267710418027877,0,Movies
mztdgafmhb,0.049917338697129846,0,Groceries
blcfsnszlr,0.046571362158923435,0,MISC
juyyjbetzp,0.01873095911784734,0,Books
keymybczcl,0.13229911668055538,0,Music
rbdnrxougu,0.3518446910753983,0,MISC
uzolnmajxr,0.164068452990324,0,Movies
glkschzcqi,0.1101672781058004,0,Computer
kefladahvk,0.042104873181602887,0,Books
eydxatyzqp,0.07674099509245164,0,Music
lpjjqwngzw,0.02264787447609652,0,Movies
bdmkejhsvj,0.04683329373555227,0,Books
xyawlfcrfw,0.021168980340054357,0,Movies
rltdlvjudy,0.01894667477955654,0,Music
hgyetxhous,0.07002423627093567,0,Groceries
gewuahecya,0.18063790409073568,0,Computer
kjrlmzxhix,0.07075392819388064,0,Books
eyclfhkixf,0.003683697159835066,0,Groceries
vpzabtggin,0.11933353101241573,0,Music
vypnsktvdk,0.260931776627834,0,Computer
wetetdnaac,0.0831185496133425,0,Groceries
ihqkaiuiic,0.09542760692487694,0,Books
uklzxcackl,0.23013515224706943,0,Music
inacdvdsvg,0.1408428177327898,1,Music
mpynkeakke,0.01179892406636307,0,Music
qngxxdqolt,0.25366675842128045,0,Computer
jqrxohdrti,0.1154287493908707,1,Music
diqdsmewbf,0.618594423123147,0,Music
exwabidvzc,0.010395530554143707,0,MISC
qvjfcegfiv,0.055737195283857816,0,Books
adlrbpqtmp,0.3908642773557182,0,MISC
tzxboqmjbt,0.034588620010702446,0,Computer
zjghvnpmse,0.08179596891450006,0,Books
answnrvlry,0.2109604193909294,0,Books
hwdtlqaqgf,0.2804341131704643,0,Groceries
cjylxwrevv,0.05418785353841628,0,Music
hwujedrhdv,0.10753837832758302,0,Books
tdmouieosc,0.04850169463178003,0,Groceries
rbyzbznboi,0.34991051565011055,0,Computer
wsuoqodavr,0.04173225478025027,0,Books
jsyknbyjms,0.24732834691750002,0,Computer
wdbwsflmep,0.10923536148263394,0,Movies
ueixdimqnp,0.024838729030977075,0,Books
kniegptizw,0.2125186871247071,0,MISC
fgzepkezrf,0.5847648733974381,0,Books
kkoeyvguae,0.46019626615734394,0,Groceries
nytfvmxeiz,0.028686340424812967,0,MISC
radmixmpta,0.1116256642404838,0,MISC
mgbfgdiprf,0.1887191898519808,0,Movies
dfrbhoddkg,0.019821512691986926,0,MISC
rwxaappgty,0.7697831258465269,0,Groceries
diqsrbfryf,0.38155082490568526,1,Groceries
ztznamraff,0.021497442914341153,0,Books
vvxamfetpa,0.03308243259741877,0,MISC
lxqijrtncq,0.07853650000344699,0,Computer
wmbwezktjy,0.017042888404517852,0,MISC
admbcmwuul,0.2719978182476045,0,Music
fqpkuxboob,0.18945989054106782,0,MISC
wzfzaiixyv,0.39448912187726315,0,Books
sgyvmbeiol,0.039702990748413464,0,Music
adnzgzqqas,0.050151712946050045,0,Music
vqyzkifkke,0.2406674332426486,0,Music
dcdtgeaozy,0.37594605902097045,1,Music
leoninzvdj,0.031755248550683554,0,Movies
efuduqaivi,0.08578774825976566,0,Books
eyerqpuqts,0.2065317525716176,0,Books
lduslbdeuk,0.0668220277640779,0,Books
zoeqqhbguv,0.38145350413248436,0,Music
gqlxdotqkv,0.49408890167122044,0,Groceries
mkiqewejxw,0.020818822257377072,0,Music
haacieqryg,0.05721613873405758,0,Groceries
wxcilxsxks,0.43995787112398227,0,Music
vdaalptwff,0.4470735680001068,0,Books
fmedarpwny,0.1642706888487091,1,Computer
hqvaphnnoa,0.4367627286752336,0,Groceries
hyrjvfwqrt,0.1016778411551371,0,Movies
qpdktnjdqg,0.03648292266786907,0,Music
gjxsryqmqv,0.123627230518503,0,MISC
hccxjsibzx,0.1709797523648096,1,MISC
oarvxpuuuj,0.2594022864052328,0,Groceries
mwvksxovar,0.2127537307776396,0,Groceries
yvhkjqzfkj,0.05261117423495211,0,Computer
vsjnxoquql,0.0467053057058744,0,Books
jlckiobzsn,0.9566194729914201,0,Movies
rzfqcszlvg,0.38902454054150065,0,Computer
bonlxwaigr,0.186858200914171,0,Movies
gdmajotlzr,0.8058989069080424,0,Movies
ctcidpzgjc,0.6348752490157042,0,Books
pyrbfomggx,0.17831229734272447,0,Computer
lhsgpnjbry,0.23332414544435257,0,Movies
fojozhaunh,0.031538087424140215,0,Computer
zznxzhkedv,0.022933635145256162,0,Groceries
rzsiydbbxi,0.0693596895259878,0,MISC
hsmwduwvrl,0.3181516120663648,0,Books
wqjmdxmnfz,0.4925192612183061,0,Groceries
ffyygpzvfk,0.3826726746581759,0,Groceries
ecqswkuoqt,0.3507852859876473,0,MISC
wcevpicouk,0.5078750195638548,0,Books
kklybwvshl,0.2906037161743682,0,Movies
hybinkxihz,0.12202333489974924,0,Books
gwbnzesbfm,0.26998523128654733,0,Groceries
pvnxjzbkqg,0.026537307598630884,0,Groceries
yxlmgifnwr,0.1810019354932658,0,Computer
awifkdbdlx,0.2506030422009136,0,Music
lgxqcnvkqj,0.13859235390557376,0,Computer
kuyxztpddg,0.18736353174088283,0,Computer
hibvnaavhz,0.2678720541759459,0,MISC
dwvcibhpty,0.15882562761159347,1,Groceries
xzjerhthlu,0.09515406488782606,0,MISC
hzwfmvdikt,0.6730250631248788,0,Groceries
hmansovfye,0.07942059565316376,0,MISC
ayakwjioxg,0.43902891753019013,0,MISC
hxpuzvsbza,0.17874126601167284,0,Books
ucltnwtpqi,0.073043934909429,0,Movies
zbaumlcdkb,0.045111152114216096,0,Movies
dvaqgrrtbd,0.1964276115605328,0,Groceries
dqrkiigpyj,0.12793878514737436,1,Computer
stdsyahivu,0.10492937655964268,0,Groceries
fbhoeouubj,0.19386357878736926,0,MISC
raiywpmukq,0.860231298585814,0,Groceries
dndqofzptq,0.001516280919333683,0,Music
ynylvrhtev,0.025470106205553823,0,Books
cobcedgdmu,0.10395901240211464,0,Music
zkxtrhnekg,0.3708555051235812,0,MISC
krmlbtfsrj,0.38398986331424617,0,Groceries
rkwycldfai,0.5311541160998566,0,Movies
kozzqugdrv,0.09119270075952039,1,Computer
lkbgbzildv,0.03461014957434141,0,Computer
vkndttwvls,0.06916431077856032,0,Movies
bnzcvbgagn,0.02233920509134164,0,Movies
ieqcsspkzc,0.09561535624726085,0,Groceries
iikflxoddc,0.1105682761165378,0,Movies
ktecoyrvur,0.054996870514493514,0,MISC
dspekxgssx,0.21836233181400466,0,Movies
oqsifzhnal,0.37134607814836124,0,MISC
oikuxddwva,0.08781256461916509,0,Books
yiadzhwmfm,0.3355160430179484,0,Movies
lveqosfgtx,0.142658125471954,0,Books
doybibyybo,0.01120153618597744,0,MISC
trjxeyjmwl,0.19468040084006802,0,Music
opwrynlzne,0.33022150263249606,0,Books
wvjdangkpe,0.14974672503129283,0,Movies
zmoovcdrfr,0.2731293074853009,0,Groceries
znugcwhatk,0.09966423081301337,0,Books
czsombdqwu,0.19266759663929267,0,MISC
ditxligqjb,0.9030375566511917,0,Music
ofbmlngfpy,0.04446080288894452,0,MISC
aeddknlryg,0.5117301221251949,0,Books
prokbqilyr,0.18757919524906416,0,Computer
vcbokkgbgp,0.003093882530233374,0,Groceries
rgzdvazoao,0.057723539649366884,0,Books
efrujgkwuo,0.06511445778768893,0,Books
ltzvgaiujo,0.08582673657390796,0,MISC
pbiqxpwmux,0.29245473989580045,0,Music
lhocedauwr,0.027779603862659652,0,Movies
iixxarqoyi,0.0666120626187225,0,Groceries
fptsezqkll,0.26119266508796496,0,Books
jhkkqwrcxx,0.029274999200910347,0,Books
ztltseiyjb,0.3138987627779911,0,Computer
hoipsasclj,0.07328876568158592,0,Movies
nmbuyxoanu,0.2655573019683091,0,MISC
csyuqlijxb,0.1920959724832223,0,Music
qgblhycyfz,0.2679966110876953,0,Movies
uzvyggxykf,0.31584844203020224,0,Groceries
crybkupezp,0.09238226901591118,0,Movies
nblfojrbgt,0.10949071985092003,0,Groceries
thasckjngu,0.48347164014243255,0,Groceries
wabjuakwpf,0.2670468151690615,0,Music
hburlpjgzt,0.026632855669335362,0,Computer
lnkwmlarnb,0.05082935968977814,0,Groceries
vecvuoimdb,0.011223321267037557,0,Groceries
qclppqvdbe,0.21982954058567908,0,Computer
kfudiarmkz,0.04736676587485978,0,MISC
fptedbabry,0.12820580876040608,0,Books
vspddlpcxo,0.22516410148885757,0,Movies
ajwxydwwie,0.5156520289386153,0,Books
mcestqichh,0.1314073413249331,0,Computer
yhsqtnwwxt,0.2115788013684978,0,Books
krywspzquw,0.05633964587767515,0,Music
vdtihkcnzv,0.314532426863103,0,Books
eteuhxpzaa,0.2621151886812031,0,Groceries
gzlyxeopeu,0.010284578098791587,0,Computer
txbdqshjob,0.09119788307278806,0,Movies
rwudsuvzbx,0.23180731993782225,0,Music
qkmugkbjas,0.22578403815098433,0,Computer
lrkhrsyjpd,0.0317131173677357,0,Groceries
uqqokqnrhh,0.06627193008842928,0,Music
imxyndcrhz,0.4637592331457965,0,Books
xznonmojcv,0.372094954285262,0,Movies
wrkerubjsw,0.15808372605569218,0,Music
pvvcazjjld,0.18135868065792593,0,Books
shxcupsrwv,0.057535255947268174,0,Groceries
qfhnvajbor,0.23517825823114713,0,Computer
pmqzgzgtbp,0.029306721883766165,0,Computer
ejbzlkeavl,0.24361685468345626,0,MISC
odhfgzugiz,0.4252713900967572,0,Books
pilsiowdax,0.03552981431820739,0,Books
mpkvbchjes,0.42956874701644293,0,Computer
gznkspjktf,0.025363873329907916,0,Books
wyuorlzclx,1.0,1,Movies
lsjkkqnhwk,0.6046704845040052,0,Books
peodawiwnm,0.2264553585451109,0,Music
chlwgbniqt,0.02240274243394055,0,Groceries
jjbaprblie,0.031614856875217215,0,Music
boughvmzcp,0.11864444657241212,0,Music
khtfvyfyvh,0.013972763824672014,0,Music
kqndvwsgdt,0.03571764100718368,0,Computer
iockagcxjo,0.11996301959859201,0,Groceries
umiqbttpgj,0.5381159100805004,0,Music
cwsnrqnhha,0.17987145485415823,0,Movies
haweelltoh,0.32226521688028603,0,Movies
qfphlxvxuf,0.20433472425102292,1,Music
mhgvblfelb,0.3247596289188357,0,Music
rdowyhtwnx,0.48290407213417075,0,Books
ysyhfjscub,0.022680473151246494,0,Music
lzratjfvst,0.27695519265699703,0,Books
fovcajzdmm,0.03454899081913532,0,Books
rqwdyypgmj,0.17630291827931477,0,Books
jvlgbxkffn,0.0590901582365354,0,Music
lehwyxdgcd,0.08194506872409509,0,Books
gcekonzweu,0.21872712801448643,0,Groceries
cbitfxlrvo,0.08195929473608626,0,Books
uadlrymhsj,0.051744166006594386,0,Books
gznmlokxyj,0.33583793211985635,0,Groceries
oidguetube,0.019150475763984914,1,Movies
bkjpfhgjrp,0.32787368231999725,0,Groceries
fpympqwzpe,0.09887825691237699,0,Books
kvtxbthdcl,0.11016032276836572,0,Books
zzguxriwxn,0.21773748587834285,1,MISC
nxpncdlrdq,0.41471590981191375,0,Groceries
typhsjzgzs,0.17007950295180074,0,Computer
unebuirapk,0.5191281353904157,0,Books
gbkywkinuh,0.07520254894994514,0,Books
fnznsecvks,0.05984794131304253,0,Music
tczpvbhzkh,0.04628137138420949,0,Books
vfbnwdolao,0.45111264652761823,0,Music
dvxzzseljv,0.045456031510977074,0,Books
qrwldxmcev,0.3385532655248782,0,Movies
kpfjebzbxa,0.5518681695819422,0,Movies
xbbccflilc,0.14812253932424532,0,Music
odkuwywrmg,0.3966894425240519,0,MISC
sjzpadiqkp,0.5252092558163745,0,Groceries
cigzzlwlaa,0.10663704206143039,0,Groceries
kqxdgnnxwf,0.034516760066324,0,Music
euxuwjvvaw,0.03642694866901737,0,Groceries
odjpmaouqd,0.05990867345408253,0,Books
dhryvocotk,0.25567622537095164,0,Music
odmmwcelsv,0.05133269175311418,0,Movies
iezipfnoja,0.10101517849327157,0,Computer
wftsvbxask,0.4209836241595694,0,Books
exonghkmeh,0.29357857384723707,0,Computer
oqejzainle,0.2710985638724461,0,MISC
eipcfwayak,0.5399672571874627,0,Movies
mgfgowdlly,0.05198224456356063,0,Books
bprvguomnl,0.5223263497343685,1,MISC
iybgztpcqc,0.012694137243706681,0,Books
nvvselpchs,0.17914429914826174,0,Music
psltyrgyzg,0.036155742754991074,0,Books
ptybmhbsyj,1.0,0,MISC
eydrgipmzw,0.7568084322989639,0,MISC
qyxowrdarz,0.03183305524119142,0,Books
mcsbozgtod,0.15355632952167345,0,Groceries
jawzsztkib,0.5791130127612063,0,Music
wopvwcsnji,0.0019723488554175654,0,Computer
bgdzzylrua,0.16782604511380925,0,Movies
pxinpmdbmc,0.32970971223301254,0,Music
kwnorccjbz,0.2051266687341824,0,MISC
qkyvsvgeec,0.11582288718260186,0,Movies
wwolitxotj,0.07140412790490507,1,Computer
kfgipwpdqe,0.23292751339046247,0,Books
akhappfsrc,0.30723040233733223,0,Movies
zdexpqyokf,0.773440892064947,0,Books
pmujrdwlrv,0.16932840573757962,0,Computer
fphizihxpo,0.11032970189754368,0,Books
eahtccwbxw,0.10947035875630125,0,Movies
dvppegeyqu,0.284211100598811,0,Music
ztnhjtsrgc,0.11143548196031726,0,Books
xagzcbgtig,0.08892018656395385,0,Music
lgxxteifox,0.3314006230405639,0,Music
cvkvwsinma,0.014648743568372364,0,MISC
ixjkwwyejt,0.05598864913360623,0,Movies
wvqmppqmkf,0.37889899756540146,0,Movies
ifxvgohilb,0.12869705267920972,0,Books
zfpeddnuzb,0.06859529799904879,0,Groceries
wmymudjgfx,0.08021568667278883,0,Movies
urfjvwwopo,0.10716565010762327,0,Groceries
kgzbkazthb,0.19460185035106478,0,Movies
ztaaulhzcl,0.005688868049151765,0,Groceries
vjestyomdu,0.061010409370146304,0,MISC
lpghjbqytt,0.1228465630674325,0,MISC
jdlgegzfht,0.7445647399224063,0,Music
tyvmxwalja,0.1771542543024037,0,Music
hbmamifwxf,0.23363089164301237,0,Groceries
iwcecpzquh,0.04108960829948714,0,Groceries
gmgesefodn,0.27249232396508866,0,Music
grzngmazfr,0.5308159050809674,0,Books
kpwyvuwsla,0.05491438925605943,0,Movies
onkmgmcfyg,0.07227209154863905,0,Computer
mxoobqgvzb,0.22544693232668528,0,Movies
ogozzomaty,0.21597856850005354,0,MISC
biimemkile,0.4647912325490814,0,Computer
wujwmenmeo,0.0009198173638341389,0,MISC
cbzetmdhho,0.0548573850194823,0,Books
qovxxzogds,0.12493193239444751,0,Computer
hzrfgkssvf,0.06130787143551582,0,Groceries
botmeqrfyr,0.21861429574905783,0,Music
qtixficnnr,0.036979938421806344,0,Music
rwjgrdbeur,0.24804303693075958,0,Music
loraejdcgk,0.01754378828989592,0,Movies
rqbvtxjwyj,0.017410105356902496,0,Movies
rbudaqjniv,0.022056344877502302,0,Music
cnaxxjxokn,0.05064371016147388,0,Computer
indadvbbld,0.20972634053370967,1,Books
hqstvlpkjq,0.38211452570791615,0,Music
attouzdieo,0.0249572762333284,0,Music
fsuubcecxw,0.265609890667374,0,Groceries
wwgdngxwcr,0.12137123972522007,1,Books
dcoavxfjvc,0.10068656423833011,0,Movies
eselyfvvzt,0.12775816969786988,0,Groceries
mcfbhknebc,0.0817066195091392,0,Groceries
shmktwesuc,0.3216667427361778,0,Music
mtazansgoz,0.314205621763781,0,Computer
swbzyrjzar,0.047404422815157846,0,Music
ifujtgrcnn,0.8466869178623583,0,Movies
fbhlcqkomj,0.09985132615786325,0,Groceries
wggeiigyor,0.12502737459903573,0,MISC
glmbuwrdwj,0.04309639478200375,0,Computer
tvjqqldzsy,0.03525612012328514,0,Books
yqmjwidxhn,0.2502362265605029,0,Movies
nqhlklhspz,0.15192456933264886,0,Computer
qttokivomd,0.15433315922357793,0,Books
zufjennrak,0.5025090176080526,0,Music
kxhnzqdpzi,0.15541191440683289,0,Groceries
tytwhcsjiv,0.16276609257646785,0,Music
prttedtdqi,0.2620310147344797,0,Music
bkidpuaqya,0.00995682332768644,0,Movies
fanvjxlfly,0.00566025397518536,0,Books
ttslcnqgxa,0.8940893424773613,0,Computer
kxmjojwxtb,0.19638647488305924,0,Movies
jllparzimy,0.12307312674514839,0,Music
miqujqmbni,0.16682179140227257,0,Music
nyclcxmrqe,0.0556401922475984,0,Movies
rurjyyzjxp,0.12244148176088075,0,Computer
bezumtzkrg,0.18992708520042934,0,Movies
mdihvyqtiw,0.033971913554189125,0,MISC
gupsukitzj,0.7635362566468525,0,Movies
dsxfpnjisp,0.22999285858588234,0,MISC
todruqzhxu,0.7202794863484352,0,Groceries
hpsycgofkz,0.0599001800352342,0,Movies
mmhtoafpvy,0.05446941083364966,0,Computer
dhoowdahup,0.3326553328251445,0,MISC
opzijkthwh,0.03146391227732528,0,Computer
uelnxtqjlv,0.024843208464222256,0,Computer
obiqobykhn,0.017687124395662283,1,Books
tevbscuffb,0.424780678004659,0,MISC
fyzspunpkk,0.37422907831430097,0,Movies
ltyjknikfv,0.12184653763114267,0,Computer
tjxjnbjfgw,0.11284078352275834,0,Computer
vxkceyiulk,0.3959129471748812,0,Movies
ocdybwvjbl,0.05949315979350759,0,Groceries
clmsgawsga,0.3464961403216716,0,Books
cygsdnewka,0.07776470730228674,0,Music
cwpwvktkde,0.001229705793453975,0,Movies
doojckzhqo,0.3219514444232849,0,Movies
dwawvkptyp,0.10829881933665893,0,Music
jlqatjpxey,0.03485983728100345,0,MISC
qqskdlbytq,0.42637839344214107,0,Music
srbtmtkubu,0.029718992650377293,0,Groceries
whtvkdgekd,0.024384765249189918,0,Music
omwcfvwobq,0.137515947984515,0,Music
qwkfkwvenb,0.1896525206681835,0,Groceries
rmigekxbdj,0.07622902639232979,1,Computer
vjwyggypkx,0.018133715902743267,0,Computer
dpwszaphcn,0.06412699372649629,0,Movies
dlugjckccx,0.04839221829357749,0,Computer
nesgdawwkz,0.1148079846773119,0,Music
skntgqatai,0.4416529281010738,0,Music
yhpblgznnc,0.044379129262113265,0,Movies
togblxoagg,0.20313491561802732,0,Music
iveilnbnut,0.02480102083713513,0,Groceries
rtegjwffcl,0.2851871041996211,0,Movies
fvhdzhzugy,0.11543689484060689,0,MISC
oxwmejobru,1.0,0,Books
hfnqkqbodm,0.10946945002796889,0,Groceries
styblpbryd,0.9198511647150229,0,Groceries
tvzukiqqzq,0.21035590743124286,0,Groceries
ptmtgsntzr,0.07975900705491373,0,Groceries
gwmbuxwzrc,0.32635091153538914,0,Computer
gksmmhejvz,0.3113739837188079,0,Computer
bobcfojgvr,0.7421814077899707,0,Music
uzcfguaoio,0.08336981435953011,0,MISC
brfauwdfau,0.28482953626516944,0,Books
zvycjmtoqw,0.13462796666004706,0,Books
rxjxxutynv,0.2495896064263161,0,Computer
hpbtzkfjpx,0.12516281673317753,0,MISC
atiafpjdua,0.08435164851716906,0,Books
rgnyxkzjnl,0.1874469252308183,0,MISC
atoqrhjfff,0.12149768914787656,0,MISC
jissrbsvdd,0.023254129049584033,0,Books
zdbevwotsg,0.07689662296396715,0,Computer
gbbwqmrhmw,0.06210109764235511,1,Books
pxfzpaciij,0.2375429555216762,0,Groceries
nwobnunpmh,0.036570875572528576,0,MISC
dehigdmdxr,0.22449643342890566,0,Books
hwwahjpptx,0.13601892480401065,0,Groceries
ooenjiffel,0.025631028073993214,0,Computer
emhmxhzcpq,0.07916258141543005,0,Groceries
bshzhlxdvo,0.6836447436661696,0,Movies
oxmabkxsfb,0.10999770117631757,0,MISC
hifpfoxwcw,0.19665368603503827,0,Movies
hbpnhtagid,0.5822926156609348,1,Groceries
vwcotvspkd,0.015335825338571186,0,Groceries
okxlonjlzv,0.05760059082704714,0,Movies
tdkgnzhimp,0.06662025062942263,0,Groceries
dywgxutrez,0.1683630900493167,0,MISC
tthyldatam,0.151589339513442,0,Computer
mdiomahumt,0.8013581931080579,0,MISC
ralkjpomhu,0.5985935402564814,0,Groceries
umwnovjepm,0.07816208038351839,0,Computer
orfjbnzwhd,0.2937566013978978,0,Books
pylheeiuao,0.1532681619707863,0,Music
rnpzuzfjms,0.07857322744613617,0,Music
cctwbnbirt,0.059092722498777,0,Computer
wrjpsrcdrn,0.09387545255609858,0,Books
ounudefufh,0.134179181591452,0,MISC
bmmsznsvcx,0.8319066706659215,0,Computer
jbqiwvauax,0.12299514607493088,0,Books
phiohslysl,0.2146263482370841,0,Music
ladtgnhcob,0.08367550413746089,1,Books
digauezshe,0.00995820229190037,0,Groceries
zdxzolhfld,0.019481336537568106,0,Groceries
yonltzwwie,0.25717103517445755,0,Books
rmfxakjrey,0.412719160120838,0,Computer
jtefqgiggl,0.057649772184115794,0,Books
npsdfgzakw,0.014007937470768695,0,Computer
zhssmmxnnh,0.13715994129407547,0,Music
pkusgjcwfs,0.11972942926747202,0,Computer
vlehzqezqp,0.019217530198559332,0,Music
vlozuadndg,0.11501995140994846,0,MISC
cfxzmxcrao,0.46236030859476723,0,MISC
vsfecxuzfq,0.12280612243135376,0,Music
aznkmsrlez,0.10220427439731346,0,Computer
fforzcmedh,0.2472288466713419,0,Books
noksqyagrl,0.06132408480555262,0,Music
kjqdnrrdis,0.7033974925741582,0,Movies
oirckftutx,0.17103402290434278,0,Books
olkkbztzhw,0.029340361981446735,0,Groceries
dpyldkusbs,0.08528783500047543,0,Books
kllmpcmmoo,0.49171673735301447,1,Movies
lqmyfwuiic,0.07428450392649878,0,Movies
kbhfmhxpra,0.3823124494035595,0,Music
vchkgizyho,0.03918818938816738,0,Books
zikutawmos,0.04322172263549143,0,Movies
nsiwuwlsqu,0.028013665779197495,0,Movies
rqeoekojsa,0.04426742701649683,0,Computer
fyxmnimtmh,0.2886511995554956,0,MISC
fhavbklszu,0.20259489378362605,0,Movies
cgnitsrbwz,0.2566189189732711,0,Movies
hvunldfimu,0.5809315570699873,0,MISC
gczpzrtxqf,0.2432962390179486,0,MISC
sskmodejmz,0.006266328580086607,0,Music
qffkchyfin,0.26676085814369377,0,Books
wkqtqnixrz,0.17809720732786252,0,Computer
frgqxeuhmv,0.0047291619332677035,0,MISC
wacggaugkq,0.10828678069872975,0,Music
xjllpikqku,0.18634289556961492,0,Computer
nzixgjprnk,0.10534434312113404,0,Books
fjsicupvfu,0.4188919175187926,0,Groceries
zmlckxtsaz,0.027402333086707278,0,Groceries
xrfvoqfhhi,0.1964220455736835,0,Music
rdndvijlic,0.14104023417813114,0,Movies
ubjbnyhuek,0.1272454223588278,0,Books
oxavrxrthm,0.011138717142317065,0,Computer
qdmnoyxwwd,0.029956798444888123,0,Music
zseoqsdnki,0.7669944100910314,0,Music
mermojkivw,0.2969396993193036,1,Computer
kzggrkeqxb,0.3473159936508382,0,Music
anxegocpnx,0.11680057972970959,0,Movies
rltknudlhu,0.04357040263452552,0,Music
awgxyzdbky,0.681079799203313,0,Groceries
lgdnbjrjcy,0.011757461933970963,0,Music
uqzqaxwvra,0.256885032463817,1,Books
apnxxzkuwh,0.4645652653716885,0,Books
pbqdkwvmkv,0.24944828990009973,0,Groceries
inmaoapcpo,0.5790587346982748,0,Music
vqgvnuitya,0.15476674719892358,0,Groceries
kdsrovmplz,0.18637766290742705,0,Movies
gmpmywmufk,0.42598268875113227,0,Groceries
wcxkggkexm,0.08311885025453579,0,Groceries
idktbkqopd,0.0020077049628196525,0,Movies
icrozgyzgs,0.6232781975892148,0,Groceries
hwadwwssuv,0.3407190970652172,0,MISC
czmrbczqes,0.16727407423760068,0,Computer
rxtxshlgcg,0.17574962973950448,0,Movies
jahazayvza,0.10091646698557316,0,Groceries
vhlttvxrqi,0.41428998663813293,0,Groceries
gozbtsfdmv,0.2127846588855042,0,Movies
xqqjraqnbj,0.1727499126763758,0,MISC
aitmcmzxjt,0.1408865151741838,0,Music
opjouvcmlt,0.3048736972423747,0,Music
ygevctlebj,0.15382812335880888,0,MISC
pwlrhvshmf,0.3412134732846381,0,Groceries
buewmmeaza,0.025955941838209068,0,Music
qcblbkbidd,0.07912712627186944,0,Computer
hqnqgjmwli,0.4243633839710123,0,Music
duxqkluofv,0.18846126513303874,0,Movies
pjtwzaisih,0.1123201322713092,1,MISC
kxlzeghviq,0.15778344629950802,0,Books
spuiwpimei,0.0011421680983159026,0,MISC
wmjkdamfgq,0.04137613854458749,1,Music
xmjkjmtkwp,0.007677966551598019,0,MISC
axsgoatqox,0.016113107143381055,0,Computer
ytsaxqpywd,0.204429304008573,0,Books
mzaideqlxt,0.11947639746558979,0,Movies
geaxuhupbj,0.7679347941198151,0,Groceries
invmvovfez,0.02780353729702227,0,Groceries
qharbfheka,0.048518620518726276,0,Books
fdunnmocct,0.23025681440816448,0,Music
jvlsdotgku,0.23702232977335186,0,Groceries
txbvohdijf,0.11019686702974674,0,Groceries
ejiotftotk,0.04346446734332777,0,MISC
fedmyobgdb,0.5470771473917185,0,Music
xkseloqwra,0.32079653795949425,0,Music
sgefyphbxh,0.9451253125517938,0,Music
ctisbeazyz,0.0686707896654938,0,Groceries
nohkbkgqyn,0.47916526010430793,0,Computer
mhxdbwtcce,0.09069529623821494,0,MISC
sgtyompwli,0.010878687616108856,0,Music
aftldroota,0.04936254811886525,0,Groceries
vhugyntvqz,0.06350919192202423,1,Groceries
pylaeoampq,0.03140696025893462,0,Music
imrmtzqniu,0.15293002855219973,0,Movies
gbsazxmesq,0.24226224216383058,0,Music
pvgiaoyffc,0.17484043949277472,0,Groceries
cvsbxxanrk,0.015602487522612438,0,Computer
txdresapgn,0.18736121007967435,0,Groceries
cvofncxyui,0.23908133916028076,0,Books
mevvksqsmz,0.18479893731836383,0,Movies
orfuumpmwl,0.06302099146635487,0,Books
qxsidyeuqf,0.11206970311878371,0,Groceries
gphkualelu,0.17722828731197798,0,Books
hsbhafvbpi,0.08884063602200087,0,Groceries
ihvdwepsvm,0.3095917512610994,0,Computer
okewleclaa,0.02765116667040038,0,Groceries
ypycximbwh,0.010043037949607706,0,Computer
yzslplfixe,0.23308104841670674,0,MISC
wkormogwum,0.006177469448189903,0,MISC
qjbhpdoyft,0.450437361108619,0,Computer
dxzokejcut,0.24616710595972108,0,Books
dcujimvkzc,0.05447154423068991,0,Groceries
lnfvyicrct,0.09698102785174394,0,Music
pxyfhejsia,0.11055958008972694,0,Movies
plahwdpzvf,0.47264850723174656,0,Movies
doghwyjpsz,0.20788249691630628,0,MISC
nxygafdpzu,0.501909426195865,0,MISC
qfxartqscl,0.17910471637099706,0,Books
iywshchjel,0.04686461067237906,0,Computer
mlchwqdxud,0.06398112660661971,0,Movies
wucxwqiyhb,0.34072579455558627,0,Computer
zklhzakgaw,0.03629021239248736,0,Books
amstseksdr,0.29603551261623506,0,MISC
bufbbtqezj,0.027541895658163007,0,MISC
ciwxsygubz,0.08327897071949002,0,Books
sgrljmooys,0.030523796490351612,0,Movies
tkqmesqbwf,0.08383491360883644,0,Music
cxdpsflnfm,0.24911630079419497,0,Music
lfflujnczs,0.16142830583204582,0,Groceries
wyapnddrwh,0.34610034559253694,1,Music
nowtidvjvt,0.08655225004661575,0,MISC
huajtqpkfk,0.013578346136847205,0,Computer
wxeowtvihp,0.14608913707333274,0,MISC
rfyjuopxah,0.3352260202212126,0,MISC
jcbooampru,0.18811968058949838,0,MISC
ufyaufkikm,0.03570001445616178,0,Movies
xhcrouvoqj,0.09128430677333621,0,Books
pclojigetw,0.5221680627165143,0,MISC
iyfsmrkglv,0.05288797296617216,0,MISC
bahtunqydo,0.2095066431926259,0,Movies
muzirctixq,0.12959332538310245,0,MISC
dsmzqithni,0.03593913273761009,0,MISC
dcpemtipdn,0.5975263391037258,1,Computer
spcpoewakn,0.16778252610892308,0,Music
ddcfgjrnxm,0.002828524272625456,0,Groceries
jchphcuqfl,0.21936972137199576,0,Music
rkdrxymlnu,0.02892678756238077,0,Groceries
lkxeptqngr,0.6484930191059156,0,Movies
aonydapmil,0.40352355117775646,0,Groceries
gdcmzlnlit,0.14425910933942185,0,Computer
tbcraqtcjg,0.13393034297834805,0,Groceries
ohfadiagju,0.02186222731710081,0,Groceries
hqclcuijhc,0.30705230239921877,1,MISC
shalqkkqhz,0.5033438611214139,1,Groceries
ptlfzebovy,0.11008104273461072,0,Books
kdtaloavid,0.3891388901192842,0,MISC
smwsqrhbbg,0.1239467311899368,0,Groceries
mwaeibhrwn,0.05602593935769107,0,Movies
hkrbkrtydk,0.04075140912421543,0,MISC
dzbsaqchdj,0.2150121100921603,0,Books
inbkfseyfw,0.1590484181143593,0,Movies
skxsrhflan,0.6293185961153044,0,MISC
mjjtdkhkbh,0.29828582362490663,0,MISC
nzesxzwdew,0.008794608636673105,0,Music
eblmdpwksr,0.34989154725491933,0,Music
kcwrczwyrs,0.008019751949187246,0,Music
phzvtrgbcu,0.23700707738167748,0,Movies
rengtptjda,0.002355917439756548,0,Computer
ejspjmuhst,0.09494648606660017,0,Movies
mehvldehfs,0.15404733482402366,0,Computer
pcqicizswr,0.01979795761334814,0,Groceries
ivexnjtksq,0.19202411478275483,0,Books
ifgpfocrtf,0.5331827973184734,0,Movies
clqnxcndls,0.11758539018355506,0,Groceries
lgnqnnaeam,0.014014950840469623,0,Movies
bnjfunludd,0.09697047201155434,0,Books
viczjxeuif,1.0,0,MISC
iqgwyyhism,0.1934527806711923,0,Music
wfcrdriidw,0.2012538442627554,0,MISC
faouniuipx,0.30063231265756435,0,Groceries
nxhbccdziu,0.5637099303734026,0,Books
pqoamntbbx,0.30545964176613283,0,Groceries
ysirpbysuv,0.20229606326840185,0,Movies
rokweneykm,0.026957474117748566,0,Books
httswazklo,0.00998483461124002,0,MISC
anychmgato,0.12903208580877504,0,Groceries
ztckjkglps,0.21409407524586432,0,Groceries
jbhmdwtmra,0.20596017582381718,0,Music
oxhyjryrwv,0.1269908389771124,0,Books
xftdkrfnuy,0.08215289080235798,0,Books
lnqsbojftn,0.07571300776005715,0,Music
tdyjraoyft,0.014626514443285492,0,Books
oylgjactxg,0.11239019942428528,0,Computer
pcavqxhnjg,0.09065723219247634,0,Music
ssiiacchkj,0.18014243613520847,0,MISC
hodmpyqmdb,0.08545339338885466,0,Groceries
dmpuilngeo,0.030798123130436242,0,MISC
zbcjimfadv,0.14016500283088235,0,Music
yjsuwpflqn,0.24384848786969382,0,Books
fhspzwxkai,0.420670271660108,0,Music
vdlpkludef,0.03998034593451156,0,Books
mrbmwlgndc,0.21657865880749627,0,Movies
mcruibyrhd,0.22921963144343233,0,Groceries
mndlrjrxnb,0.0059939091342257785,0,MISC
qvhhjvqmrl,0.42777842929800713,0,Movies
svbsxzjrqz,0.33747012609879584,0,Computer
vkatmtamuh,0.3757245567333545,0,MISC
xgmfwtpzlc,0.021581964621890125,1,Music
angbdwrfml,0.06870835169511323,0,Computer
rqjtlmoale,0.05183833253615555,0,Movies
ejcdvhiznt,0.003104660238572751,0,Computer
efrnnsroxv,0.15712132658016087,0,Computer
dtpibhyikg,0.11075358841086035,0,Computer
rqpsoupqji,0.0764408745840125,0,Groceries
kunwttgkdm,0.03240604960585147,0,Groceries
xpaytgprrc,0.04123762914057952,0,Groceries
blhumlabom,0.2707034263604859,0,Music
itxeazduij,0.21520140284263767,0,Groceries
zpbhmsyqgq,0.27207824388810087,0,Computer
eofldzywqt,0.3328252300542567,0,MISC
pdszeejesy,0.3089231945105973,0,Groceries
rvhqxcwbbv,0.06334922403078708,0,Computer
wwixqrkapd,0.008970405321186618,0,MISC
duyhbzctvg,0.06857806621921374,0,MISC
atrihcesft,0.12915928840919258,0,MISC
jxvwjrsoux,0.1440764183226801,0,MISC
dtaqywfzmk,0.06841263402764423,0,MISC
kafgwrbpzg,0.0757888599643493,0,Movies
ezgmxjmylh,0.0643155116720409,0,Music
zarxzwqslm,0.27466729192271416,0,Books
jmjebquirp,0.20822150443646625,0,Groceries
rtgtpigqvo,0.0673678489029095,0,Music
szhpqvvanq,0.024732035132197946,0,Books
dqcqiktdnu,0.48905146685242845,0,MISC
huhsytmpmb,0.5005498452813811,0,Computer
llncdpnpyw,0.031169891339332307,0,Music
wcdmwcxcoq,0.030727287442198815,0,Computer
tmwqxjazvh,0.29502634409926454,0,Music
mkxmehqnim,0.012744941511151,0,Groceries
ckiegnpdsv,0.45618566224092105,1,Computer
hhezuocqsk,0.2813405393660882,0,Computer
vkmwfgalss,0.15999284905385724,0,Movies
btrvhxpwem,0.19373262007320696,0,Groceries
melqoaijqs,0.028080496542294484,0,Music
diicklhxmd,0.021985148046572933,0,Groceries
qfodoajcsf,0.5398473156779139,0,Movies
ibpgumonse,0.007889855195519982,0,MISC
liqlqmobxs,0.22247384447873686,0,Groceries
rlwetjbkdl,0.12894390239543735,0,Movies
mjhpzwtoyi,0.2895898806073464,0,Computer
zjeimfkafv,0.18531143485771334,0,Movies
ipbntlaijw,0.12763903550771502,0,Books
voqnojbkxa,0.24233482616990001,0,Groceries
guyrwspevw,0.04640308317123871,0,Computer
vizfvtuzed,0.27603521999632624,0,Movies
ddizyirozp,0.03133494291306004,0,Groceries
bxyxxjutkv,0.051528506258650186,0,Computer
emfwwfgfbl,0.140258394992293,0,Music
bvtoojssuy,0.386153733842498,0,Computer
hblgmgytqv,0.007181301785080566,0,Movies
pdknvsnifl,0.2558712721733126,0,Books
wwdwajrgdj,0.0814636231874957,0,Books
tcgvmiaixl,0.3554619142679871,0,Music
owuilzubyn,0.03578878325643083,0,Groceries
undqsneamo,0.02908044196475796,0,Groceries
vygliedytx,0.19333119125222165,0,Movies
waravnjpkd,0.8198115596716988,0,MISC
nqsrdrwavt,0.11370473029467908,0,Books
wxtojdcpha,0.21338622993174103,0,Movies
anmfnpwuhp,0.13674314655870606,0,Computer
obhkrgdtdp,0.1290662355625941,0,Books
ncwszocmsv,0.35475665240339116,0,MISC
depfgkyxyj,0.15019198179806703,0,Movies
svtxqjsphl,0.6838210676562854,0,Books
fruwkafeij,0.06080126133149225,0,Groceries
vyseccucev,0.08213248061639127,0,Computer
eefkqtkofg,0.016221522725528195,0,MISC
wvwdpsseld,0.29672668996961016,0,Books
qnoureopjh,0.11313724460289099,1,Movies
hufcjyiojk,0.051767381883646484,0,MISC
lqtaaeejew,0.07856730034967484,0,Books
bvmdckjipx,0.47652441807837315,0,Movies
cxdbonrpgn,0.21850217230756686,1,Books
vrmgjbybbl,0.004723048271828213,0,Groceries
nerujujrue,0.663219609775981,0,Books
eujtvpdccz,0.39063732834336484,0,MISC
ewjmjxbsmc,0.1320975810007041,0,Movies
pbvbkzlliq,0.748499525496836,0,Books
ezizlsijsj,0.11654740770581734,0,Computer
wodkpsughb,0.008168143199431805,0,Music
scklbwwefv,0.13946477091490536,0,Computer
kphjzvpdmb,0.05882206323123573,0,Groceries
jaepinsdbm,0.2984659276193546,0,Groceries
xcagtcpfis,0.29939601981863184,0,Groceries
hvlqjvapco,0.17895341173021026,0,Computer
zkdckldmbj,0.2417172309577469,1,Movies
kxyyhscqqw,0.01839557736718976,0,Books
azckfixyse,0.2308965869398068,0,MISC
kkoseypahp,0.7186410018785057,0,Movies
bpocjolhay,0.19011374042270612,0,Movies
hcmjkigoih,0.006768295537268428,0,Books
zmwbilcgks,0.5741097522890842,0,Groceries
sblqmecrim,0.3928670373080225,0,MISC
iocrnxqrfv,0.10648728228768756,0,Computer
wegdoyavfb,0.16196764901787,0,Music
lvfkfmjizd,0.1255512537054635,0,MISC
qvdfowhthv,0.040746725670172665,0,Music
grcmxmyrqt,0.0525944624756122,0,MISC
yukeukczno,0.11956252381731113,0,Books
oitkudxhmr,0.039345239234720185,0,MISC
nzcmvuluob,0.0202949906236698,0,Books
fvgmxckxzz,0.09376256064331893,0,Music
uclyhymecp,0.11511851490461951,0,Groceries
uarycxjgsu,0.04737984483154599,0,Groceries
dytnrvrmyb,0.0847491046296101,0,MISC
mzjfanapwx,0.620574378463355,0,MISC
wtmyhewgve,0.3822153134149653,0,Movies
dofzdmfcic,0.017434556809724902,0,Groceries
cxlkkzdkyw,0.09865894755516162,0,Books
hpshgjqqhx,0.36966750481790656,1,Groceries
gyfzwjgrls,0.03351177316716093,0,MISC
nkukwaajqp,0.05757365339728682,0,MISC
umvrpvuxbt,0.01929266977953688,0,Music
zzifihgfzw,0.018137295067107456,0,MISC
ggdohuxzwa,0.12805294768643274,0,Computer
khdnjcuidz,0.561937849245506,0,Movies
pamiuwjpzp,0.07531890347372237,0,Computer
izvpaajuwe,0.12025167590448574,0,Books
huthzdrzur,0.08024416239963034,0,Computer
qbcaiogteo,0.031240884668304665,0,Music
aoxssnzjwn,0.7057488054206309,0,Books
hozuwlrweu,0.163557831886701,0,MISC
labdthuety,0.0021384136359385336,0,Music
qfyatsthqc,0.09641419875008783,0,Computer
ltrpubbxob,0.5052947232197972,1,Books
abeixetpmc,0.07126301777398021,0,Groceries
jvfqeaggig,0.41372994081067116,0,Computer
zohqqenvlo,0.009719875273867997,0,MISC
ydjhnmsaen,0.0851980836876506,0,Computer
cyuwhurjpd,0.0937434213717154,0,Groceries
mvesmskhnh,0.48325510766374563,0,Music
xztlvwrufh,0.10339175444979976,0,Groceries
vcvndgvruq,0.5168889602335295,0,Books
jreabohgih,0.011066554985688844,0,Computer
likxvkbhbh,0.04271853858440574,0,MISC
mkcgbqnkeu,0.0004912483874194054,0,Books
xveoomxwrh,0.016786719024776665,0,Movies
eqpbhsznhw,0.21121336520289177,1,Groceries
ppatxzdmih,0.13658964589933736,0,Music
zamdaesmcj,0.27054730319729753,0,Movies
txdzofdisi,0.27379225288110026,0,Books
jiykzzfylq,0.3732199738471344,0,Groceries
ixglubdqmm,0.08065947334816319,0,Music
ydhzpdfjvy,0.2598669428500379,0,Books
efbxorfsfe,0.7033062625000864,0,Movies
caojxfztrt,0.020778642581025502,0,Computer
cpqjcefnjf,0.0515875401183693,0,Music
bbjnqzwhra,0.0723945073619545,1,Music
qclslxcoar,0.10200709021296978,0,Music
iorpockcjz,0.13176180860757444,0,Computer
lzaztutlij,0.22018184182113446,0,Computer
nvclylarpc,0.18015442469346474,0,Computer
hjojvypubq,0.08797013422158048,1,Groceries
wbrhkmjprh,0.013505416797105131,0,Books
srvvqwlrsk,0.1898145750608314,0,Computer
acnwazhsbw,0.0070719022745606465,0,Groceries
kqmzescjuk,0.001520845992552423,0,Music
rzgubpmbha,0.02022564560441462,0,Books
xukfgxonjv,0.010845116734527593,0,Movies
kdcaymwlpp,0.004917938953342917,0,MISC
uprwnoljey,0.11756279769544711,0,Groceries
xpmvuoixkd,0.14257102787159145,0,Books
uffmfwzzqo,0.06266705144869836,0,Groceries
tcxaellzkk,0.8019495611977187,0,MISC
ozmuswmcwz,0.03126001796620075,0,Books
ivucrdpcfa,0.017906197430201966,0,MISC
rxkuvdomgy,0.033278069403440566,0,Books
mrnxvrdnwr,0.15367409960121636,0,Computer
tflmiqvvqi,0.21729495414826294,0,Groceries
gtgjqopvlq,0.13770232882552902,1,Movies
tgaoqwzmja,0.1549498141295563,0,Computer
pbrzqkjppf,0.3358213057709563,1,Groceries
jsaqgizhcm,0.37075528288094217,0,Groceries
vndbvxmmof,0.012713252516219721,0,Groceries
howjwfwzjj,0.07581570312050046,0,Music
blwupyejxt,0.43451455862929766,0,Movies
meyeeynjwp,0.19777327575388784,0,Books
kyfvtvnapj,0.0762949759462575,1,Music
ixwoqgsypb,0.35038223184015516,0,Groceries
waaqrxabvz,0.08446647678207218,0,Computer
bezjfdxgox,0.1079620372262722,0,Computer
crzstcdnfc,0.3756142974284853,0,Computer
ndjknkalob,0.2202067298177926,0,Movies
defulbwcus,0.47924338041529824,0,Groceries
vppzujhsth,0.1741362059232169,0,Computer
qcdplqhblx,0.01285275168805651,0,Computer
eihemgfdua,0.5343609862721426,0,Groceries
rqfalnhggj,0.38824810019059725,0,Computer
cdkeugguyj,0.2080551066718441,0,Books
stupavhdzn,0.016425459278540614,0,Movies
hrbdptfnxm,0.20266388110656136,0,Books
cmmclurhoh,0.1560811964110003,0,Music
kgrsvdakpq,0.1694612442605112,0,Music
gdhdddttff,0.19581669836157573,0,Movies
wecbbefsux,0.042455446891667,0,Groceries
qqxxtgstbe,0.10253334641660863,0,Music
zpvxzipavm,0.32194642060416906,0,Books
hncckzlbgs,0.0776911293311779,0,Computer
wywvfvyfqq,0.14491974477363098,0,Groceries
gcsmxuczge,0.13599605841077236,0,Groceries
ysbwqxcxed,0.2847595379872076,0,Computer
mcfvtqzczk,0.09919148211898875,0,Movies
fpvahgiqnc,0.3091199141949842,1,Music
vyzgqovoui,0.428288163396849,0,Groceries
nodojhlkzp,0.32653646184844065,0,MISC
xjkehnbrxf,0.09016956656789325,0,Computer
cfaszlrypw,0.30402196710712925,0,Computer
ubyeyoggzf,0.2203444947452174,0,Groceries
dcviswhogp,0.021153002410494393,0,Books
ikctqmizdh,0.19474762228308354,0,Music
xdohnmxois,0.04473698015296704,0,Music
zvgbnpjlka,0.11210981530981277,0,Groceries
nmqkslwtem,0.08849395077053711,0,Groceries
ccmhtkpigg,0.26485739565292776,0,Books
osheoajlfc,0.21552649295622406,0,Groceries
uccvlqagmi,0.06649279429997243,0,MISC
hcobcorset,0.15126022781718085,0,Music
cvuuewxqiy,0.392618889266684,0,Books
bkjzybwsqv,0.16342657397977764,0,Groceries
uwqymrlpuc,0.04483818392142138,0,Music
myrjgwieho,0.07612079411930914,1,Groceries
rfzbsmkxma,0.2434690222567018,0,Groceries
kzbmhfltes,0.008894635050824492,0,Computer
nvpepfpptl,0.10335061619239588,0,Books
aqztmophet,0.09884275297431452,0,Movies
ggjnablnqs,0.6434811028136842,0,Groceries
bqwzwpeuel,0.30372557258413313,0,MISC
txoacyoghv,0.19228864455858366,0,Books
psnkoprgtp,1.0,0,Books
jjdbixpohk,0.1304265948410619,1,Computer
huuaxvadco,0.3043063549851189,0,Books
cyaopwqety,0.2696931785083791,0,Groceries
ubwkjclblp,0.2074295486886455,0,Computer
sofaoyjquj,0.03425613480653294,0,Movies
rwuwfyuaju,0.02016314013624472,0,MISC
auajipoyar,0.6063940756554448,0,Books
hoexkqevgu,0.2553301056163026,0,Books
oowxtcizxz,0.05978483121123388,0,Movies
cbwujwflpu,0.055996161504433185,0,Books
wyfssdhykl,0.11442631345200634,0,Computer
yzzzgajcpw,0.06525515187483148,0,Groceries
zwawmckeiw,0.2687878491795949,0,MISC
scqrsypqas,0.3791275345324375,0,Computer
lnnjodpmju,0.003908686921862768,0,Books
vhzekkfcnu,0.3148982525741587,0,Music
anvfafgarz,0.06275267245993532,0,Books
tentbdymbk,0.03017576568242479,1,Groceries
gyfvzmtzxi,0.3696087797690951,0,Computer
hiczmyakuh,0.01930950690786563,0,MISC
hfitdscuqs,0.10404373547366925,0,Groceries
fonjggvajt,0.0741672672154375,0,MISC
hqnitobhvu,0.0615813421586346,0,Computer
jqzilztnva,0.07131101700824544,0,Music
oeivtgwlhu,0.37171456850132156,0,Computer
cywrxzqekm,0.14518246438987295,0,Groceries
mgchmfqgzl,0.04963958370957065,0,Movies
hhdphooyng,0.07862830971107104,0,Movies
xiceedxkml,0.19664723840390438,0,Music
nvbzppuyzq,0.09516286270362338,0,Movies
qntvlkohci,0.07194857373772927,0,Music
rbktuyjdbr,0.5546164832008876,1,Computer
acvhnltfhp,0.0785824845266917,0,Books
uqcqhycgyc,0.1821617121075894,0,Movies
khzpbdjctb,0.1290472545286596,0,Computer
elqeihvbqz,0.0488157675925016,0,MISC
efspuondiy,0.015845095960970026,0,Computer
spbqnxmdnm,0.19552886828201876,0,Movies
lsuzxmimwu,0.1657286410415009,0,Movies
sdrhnewpye,0.058189520178995126,1,MISC
hfwbweiorg,0.3528260694210831,0,Movies
leoadzivuo,0.5437523055301704,1,Books
uleyyfhqpr,0.1742995218741039,0,Movies
cqnpglulos,0.07216721319040093,0,Computer
isfvexucvy,0.5033184122411728,0,MISC
hxyucamjhs,0.5827991236501519,0,MISC
vxraictiyg,0.05728099755923202,0,Books
cwzmwegnbg,0.29218267322627667,0,Computer
evjitnjzsu,0.2705433230040208,0,Books
vopxbvdabw,0.1752920618960193,1,Books
qjbklakcgd,0.7564686020535222,0,Movies
ieipuuoyew,0.2058799611362516,0,MISC
gdetcnhjyb,0.19513468780007412,0,Movies
rpleaktfpb,0.30388429299275055,0,Books
bceexhpwoc,0.10823732204996422,0,Movies
yknanuqlxd,0.01899659738855615,0,Music
kklblrmivg,0.46878283651778335,0,Movies
vdtlnsnfje,0.12438140985362987,0,Music
ritpyryjeo,0.19131682399235703,0,Books
ehnycsxuxb,0.09413024746073019,0,Music
oeqlbwnnow,0.6072091471369183,0,Movies
lpcswwdubg,0.02972763032744068,0,Groceries
ghxqysnnst,0.15993909512712368,0,Groceries
uuntplqsgm,0.30783772615117583,0,Books
iynvlandpw,0.5355771022977275,0,MISC
nxmgohstrr,0.17051896731023414,0,Movies
xrzdizfrwi,0.013671556963727745,0,Movies
pvntuujifq,0.11849988242633513,0,Music
detouktbqi,0.08419947082722186,0,Groceries
tgefmhhryd,0.05305336257928142,0,Movies
dzdegsxcbu,0.08552859456675915,0,Books
vxnqsozpee,0.19955265264006006,0,Books
xbxqurdvfq,0.8522779894515488,0,Books
gjkgxcmxux,0.4373485280201075,0,Music
bcweyfiwcv,0.08198972494135472,0,Books
jhljsbydok,0.14693750690473184,0,Movies
zhuusuutsy,0.17937397349171433,0,Books
cltcvbsiyb,0.5316862116046221,0,Groceries
sxfurqnfru,0.07543256730134086,0,Books
zexleagqyo,0.728556453485554,0,Music
kzowmqqujn,0.07967479329038196,0,Groceries
yloqoowaaf,0.12997546642581312,0,Movies
tnwwvneuyi,0.01015056875255883,0,Music
wqqozugcjo,0.2106376347288897,0,Books
ipgrfgkeir,0.11468720167410716,0,Music
hnenwaazks,0.2666371901254075,0,MISC
sfvobfavip,0.42050567073907824,0,Books
hdlwtmdoqu,0.20987276991403722,1,Groceries
skvmqicbeg,0.133007945661021,0,Computer
dqiehsrusz,0.024686295809435606,0,MISC
uekucjhnan,0.25005842360805847,0,MISC
gmmbgyjiwo,0.054246405651991916,0,MISC
vjvewiyyng,0.4007333991890413,0,Computer
ngxgnpitpo,0.038307764302706854,0,Books
fsaedgdwjt,0.05947556101575873,0,Movies
qwapkuvnvl,0.18685265033702875,0,Movies
ptiyliltnq,0.2278546990697493,0,Movies
rpgmlldcut,0.34386124641573157,0,MISC
lyshnptlln,0.565838255872102,0,Groceries
mgvglzzhuv,0.09187123948592549,0,Movies
mbseuixuou,0.429068348624662,0,Groceries
cvbiztwzrt,0.2037680779561386,0,Movies
vgfcwxgkgu,0.00018283041783534402,0,Books
wpdyfjmydi,1.0,0,Music
lxspjpcbmt,0.09709423005414208,0,Computer
ajlpdqvmuw,0.010017136962989377,0,Computer
qmdziydlzh,0.0017026461210574953,0,Groceries
ccvdwghfpo,0.007772272949233216,0,Music
ejpesjmcwz,0.23658677800596226,0,Books
atffltiihc,0.23318720549499133,0,Computer
gcrbqwbwpg,0.3382519484289193,0,Groceries
djztgsbvzs,0.20225433135555893,0,Groceries
whszavccsh,0.010462815750282522,0,Movies
ukutcghexm,0.1257651214716867,0,MISC
fgjjzcpthm,0.014076346519203127,0,Groceries
rxaxecdknh,0.34543277239076664,0,Music
vayjhjgqwp,0.14625933176407493,0,Books
lnautgykvj,0.07479937430608362,0,Music
zdafirqqyt,0.21181934404720432,0,Computer
itxjkhmbyb,0.05959813415411283,0,Books
tzalgvsrkl,0.014172888338468553,0,Computer
ufcinyplgb,0.3989698023107444,0,Computer
mdyjlzmoxh,1.0,0,MISC
jheiwkneon,0.6619858904107282,0,MISC
oitqvvmuji,0.42156005529869,0,Music
bmqotwserc,0.10946468333408797,1,Movies
qaxocufquh,0.06675422897298015,0,Books
bfbsrdjpbs,0.04428926003023207,0,Computer
pmvsvkbmer,0.6769830827252772,0,Computer
kconkbrbrm,0.8132114125509091,0,Computer
lfcevocycs,0.8047230237596592,0,Groceries
ufimrtwvgm,0.09570153561453536,0,MISC
euiriarcxj,0.2332609029147592,0,Computer
ysiefdxdnp,0.05556290245175314,0,Books
jfcleombdo,0.4369499923531792,0,Groceries
gqjjcugvwv,0.14433009230249294,0,Books
yfecqfmbal,0.14583108013452412,0,Books
dcojylpxcy,0.22525113978761283,0,Music
bmbkpulpfs,0.385853783437191,0,Music
uyqtegvsmc,0.5934567973553915,0,Movies
euremtxztg,0.4358749523829733,0,Music
rwtlrxmchk,0.49644670799114166,0,Music
fmaujyjveu,0.09952351694969197,0,Books
wlpsmbqtgl,0.11138900654641477,0,Groceries
zbsmzbxctw,0.2969012832589783,0,Groceries
iyfodpswbg,0.3434728785913983,0,Movies
ipbodxpyrz,0.25671849006933184,0,Computer
drxeqarezq,0.0013190726787564043,0,Books
vuytrhakpy,0.24361681153802542,0,Movies
qjqukohhuy,0.603816768961599,0,MISC
odswiqehax,0.010664709679369172,1,Computer
kqyxfmqwfc,0.06050890834007962,0,Movies
zvwqhbokwn,0.005359470078070392,0,MISC
izxklajcaf,0.09460672801784481,0,Movies
dksslvqnwt,0.13531045478098544,0,Books
wvwcqljjlu,0.1486767141585738,0,Groceries
tfasnkaarb,0.2967800757931846,0,Groceries
gjbxvdyjcf,0.40119105425175566,0,Groceries
cuxphvvxxz,0.10588239306449543,0,Music
mudfdoexzl,0.23272354461954678,0,Groceries
ykxttgqtqv,0.11812652602396896,0,MISC
amipctjwji,0.2227923170685493,1,Books
ixocgtxnms,0.1790729501171211,0,Computer
fndcfbxkoc,0.3120323087668484,0,Books
luntppcxqe,0.027388463032936163,0,Books
sgkzdorbuy,0.0019677248911328616,0,MISC
kjthtvgiyf,0.01934041163298709,0,Music
tjwcxfijnf,0.037954996283773246,0,Computer
gpesmafxsw,0.6222423567581794,0,Groceries
pfpjyseyxj,0.21196242154422795,1,MISC
qvfdicswei,0.06546939149578636,0,MISC
nuabnpncgh,0.07087750006127906,0,Books
nsnbawczir,0.15965723347289112,0,Groceries
qouqarfmfb,0.06732030664754597,0,Movies
ypvavxmcie,0.001377922957307576,0,Music
dwglzkxxlr,0.20993912075120247,0,Books
duxwaagqiu,0.06446700357484168,0,Groceries
nnvkiqpvvy,0.1181169662123989,0,MISC
xjvdbtrawy,0.030331529032550455,0,Music
hvniqoqbjv,0.1498721652613698,0,Music
crempyrxqt,0.2754728536802679,0,Books
locccnkejf,0.2856537810616176,0,Books
jazensjqba,0.06587817958310753,0,Music
ecfazpghcd,0.13286896396251746,0,MISC
calfnaeqfv,0.0392301130986093,0,Movies
dmsqnqsdvr,0.12110205791974121,0,Books
qgfnjramvh,0.2522057109677613,0,Groceries
bachsptywb,0.8123656254437975,0,Computer
iqbxldeofx,0.2563439577369759,0,Books
ytjthwiudq,0.27056097386290384,0,Movies
kaecanssoi,0.7184771247308066,0,Books
owpxamjzgq,0.19853294334737998,0,Books
leffjdvsnq,0.07535729517480949,0,Books
twctufzpeo,0.13044472292985557,0,MISC
aiiwpbhsav,0.15848153529666537,0,Books
tiutefnvgo,0.2428718826456353,0,MISC
tawvfurfwv,0.03897044793622563,0,Music
lzsmaoqwqd,0.035766606062602666,0,Movies
xaoilwoeiv,0.008510005599535058,0,Movies
fvcpfrbqiv,0.03303012709735413,0,Groceries
higejbdlod,0.008496160028542398,0,Movies
tptmqejqyh,0.026498002250339756,0,Groceries
saxpcytdly,0.11062096496339933,1,Music
zwmfoteafq,0.06487868830947423,0,Groceries
klpwhmcltu,0.12709157631202178,0,Books
ecgqmrkptu,0.1968887913959675,0,Movies
nzdlkdkmdz,0.2002846635932706,0,MISC
eeutuntypo,0.2073948157664873,0,MISC
byfxpdtzad,0.04560317224648788,0,Movies
ysapkwxroh,0.15730795729115832,0,Books
azgfihjotx,0.004303308184699281,0,Books
eqneabtsvp,0.5053498456469091,1,Computer
mprxalipwv,0.008331773361241643,1,MISC
clodkdwmnh,0.1814851524071572,0,Computer
tpsqhufpnw,0.1796355680191284,0,Movies
aqeawlnidx,0.14767762877973536,1,Movies
hztbrhfmvq,0.3054214705143985,0,Movies
jcoefivbwz,0.05343049152379913,0,Computer
uweioibros,0.32751670097269786,0,Movies
nhafqzrhbv,0.1545721729116824,0,Movies
zfiravvuuh,0.17327778877583333,0,Books
ierofksjsj,0.3890275040800789,0,Computer
rrdxmezjlm,0.1091377277763847,0,Music
iemlieyynv,0.02197016718458601,0,Books
hjgxpcnwti,0.6654011331110251,0,Music
vewwphwzlm,0.022947969015179752,1,Books
ridnnzxzah,0.23648161203487872,0,Movies
hrcddafpah,0.3738087724405863,0,Computer
jlwfskilsa,0.8020307230917072,0,MISC
ysnthxjdyx,0.31918895715875856,0,Computer
ejpibtqucu,0.6587944906196465,0,Computer
hdhkkehpwk,0.02030158532691466,0,Movies
txtvfrhvtr,0.47513422170297387,0,Computer
wzethjauzb,0.2170381070940084,0,Computer
gxbjitfqjd,0.2916343270592438,0,Movies
xruqxquppk,0.12648215542232963,0,Books
pantjenyiw,0.5158406034300094,0,Groceries
hgbtcwtnxo,0.18387610449534375,0,MISC
qcbfpctyps,0.378684916824666,0,Computer
uenztimyhc,0.0562220382428571,0,Books
smjiewoapt,0.04589107047240781,0,Computer
kdmniiwhrb,0.1408710068853278,1,Books
yqdgcgxowb,0.006300048026828756,0,Music
gmksqvuqfo,0.2810699729835564,0,Music
pcttzeelny,0.02465491993021496,0,Books
ivzrlttwgh,0.11675821186626523,0,MISC
ahwrhjdqpg,0.2895898644523713,1,Movies
zolfjeqish,0.11385664730501738,0,Books
efuowekxzz,0.35716210806135584,0,Movies
qpggcbmyxj,0.16309528463761203,0,Music
wmjykfrret,0.6438569169192119,0,Groceries
lkkiwapfqd,0.5777586260418561,0,Books
paqdkksrre,0.5806259538233104,0,MISC
opcvprjdfv,0.07725769897260913,1,Music
exebppbxal,0.024290650380112525,0,Computer
qgbgvaitjf,0.26126414200139914,0,Computer
mbbykrmovu,0.03431260677939536,0,Computer
rkvzzsevfs,0.013674377806755598,0,Computer
ivdptnxjzg,0.4319504820538771,0,Computer
bbrjhczirr,0.685135928472425,0,Movies
dhpyqzesqa,0.34508131969409245,0,Groceries
xuyyguxdon,0.0644618231034812,0,Music
nzpimrkqxi,0.16270019845710287,0,Books
kjvlinzvgt,0.003002804652181031,0,Groceries
sjhanyyrqn,0.015252011097942372,1,Groceries
puflfovtrw,0.005805599211501776,0,Groceries
wcyorsdxor,0.1231412241659172,0,Groceries
khxdpkwjke,0.060846229110837806,0,Music
tyzvcygxwy,0.0459004709897536,0,Music
vuujirbzwk,0.09358478806578914,0,Books
fpgmiungdi,0.03679457852148998,0,Movies
uuhoczrhpi,0.1383481037697074,0,MISC
sxreloulmu,0.496488969554299,0,Music
dcfdifjhgs,0.05206706755229299,0,MISC
jseoqiupvu,0.44665131420449344,0,Computer
jsslrmtonu,0.1455646834083233,0,Computer
ppiiedynch,0.137191797157678,0,Music
ikdgycaguq,0.13209193363121388,0,Music
evpdpvjmha,0.017559162541199384,0,Books
cjsctoqgpp,0.14527239780210238,0,Movies
sylslnlvdl,0.23933766000692627,0,Music
qzvanywouh,0.10938802589257046,0,Computer
rodfxrjdux,0.23891256336020514,0,Computer
eyxtteczcf,0.15606866570869482,0,Computer
lziocmjlih,0.08370643781300363,1,MISC
nblmqoovce,0.1687007072557677,0,Music
ebmwdgfzsg,0.1457629388727112,1,MISC
wkqiwjpuwh,0.03832845881876879,0,Music
umkfbxrffu,0.29709131913050396,0,Computer
qwjprnjxsp,0.3604400242405797,0,Books
ebgweytruq,0.08224428790951183,0,Music
onnhiwiobs,0.08012448652246118,0,Movies
okstbeabqx,0.03289877673703711,0,Movies
lyckzsmnep,0.07605269786726188,0,MISC
biyuzokcxv,0.317156675114296,0,Computer
dutpxwtfsp,0.2362792445513826,0,Music
uuqjmaihls,0.02682793621754854,0,Music
niulsosxlc,0.8236116128980289,0,Groceries
lwtxljqbno,0.39196066204680696,0,Groceries
xyswcrfbep,0.07479847890615819,0,Movies
nndmcidnne,0.1687780918167341,0,Music
ssowqzbbel,0.08079276944786133,0,Groceries
euliwqmeiv,0.08973058547405052,0,MISC
igqdylcszg,0.2918405361827128,0,Movies
mptztprurp,0.07034354565613822,0,Music
syziitahbb,0.020641000637795028,0,Groceries
auafsexvod,0.4397255231616341,0,Groceries
mzzdqfeccs,0.16593541417633045,0,Movies
anfadqlobj,0.23602721666991042,0,Computer
imdahsvchx,0.17405186717034607,0,Computer
gorrkogrjk,0.07174973891405532,0,Books
dwblsnspdd,0.011173801305318747,0,MISC
duxuoigvdn,0.6927326782549313,0,Books
omchitlqmf,0.331246952158383,0,Music
wagckgljpf,0.22609931042214024,0,Books
uxahggbmls,0.019683986265202586,0,MISC
ezkwlovjfc,0.15509378057275627,0,MISC
wdyjipkybv,0.21050375722975612,0,Books
mlnxyrrrys,0.010635335077701204,0,Groceries
xcxaczhkuk,0.4236035071971774,0,Computer
pytnqwinvv,0.21283833909354125,0,MISC
ptzkvbdbfx,1.0,0,Computer
gnvxzzpjzy,0.10019137280488546,0,Music
ywbvomyznt,0.3255676644606464,0,Movies
vyrgbodwcd,0.016302721914360684,0,Books
xdupijdopc,0.3710590490697681,0,Groceries
qkidpflpqz,0.03891326945372816,0,MISC
mgvysrssus,0.0014664257518474527,0,Groceries
icsbwmlugm,0.599526838594589,0,MISC
sfradgnrqt,0.1891005360388576,0,Music
fzckiatjka,0.1334893359457567,0,Computer
lsqysrkfqv,0.04717139553011007,0,Groceries
vmaeqqnqkb,0.39713581087921523,0,Music
vnjupngfmm,0.13493037409282008,0,Groceries
twqthnwlvu,0.07322261464379452,0,Books
hppfqorvnc,0.06780686376861361,0,Books
yjgypsvjhi,0.12800037985626428,0,Movies
fpufhconwa,0.034048918647976704,0,Movies
zxxqydmxrw,0.0678630709175694,0,Computer
oqdjucujfm,0.19652688155308112,0,MISC
amizznmuqp,0.3890334315094263,0,Groceries
gpwqgjjksh,0.0974145962799911,0,Movies
dkumlrfqfw,0.3266290662805201,0,Music
qnwjothhwa,0.02905666218776309,0,Computer
gehejjrfmj,0.07581040540382508,0,Music
gpthedxvhv,0.12547203035739274,0,Movies
cqeobixcug,0.10245263394641646,0,MISC
ewdegsocxy,0.10680967177054601,0,Groceries
ruajpfbpxr,0.30857441886733866,0,Groceries
iwkxqbxnqr,0.005729188170740902,0,Music
yefesfwyzy,0.1988521692132251,0,MISC
vwjvhyeith,0.15386419979712218,0,MISC
vmbuxkzgyv,0.20132287235294866,0,Movies
wnsnoteozn,0.022399700730529548,0,Computer
hsotnnfbsw,0.0150915115177215,0,Music
oywwdkkcno,0.04786455215264766,0,Computer
ntevynyzzt,0.8617304263249124,0,Movies
ksovrsxpin,0.28246806788186046,0,Computer
msablikuyu,0.05925997258421931,0,Music
rnayxdrqmv,0.16598001687135344,0,Movies
nnskkescfh,0.03278059531893693,0,Computer
jokolhjfte,0.1242219566579783,0,Computer
cloqhdxhjw,0.0012661857453678488,0,Music
tqufzxlosd,0.10329386006083206,0,MISC
lbydpwyhmj,0.1110428460932203,0,Computer
fdjocynbuz,0.3089783312868097,0,Groceries
alzusuxenr,0.21450072979489693,1,Groceries
pdyrbiuccv,0.20324727832874237,0,Groceries
rafzbnisrb,0.31110723815954544,0,MISC
kjuwjldhit,0.0042270388645048685,0,Music
gsuwatqbfx,0.1252939344305427,0,Books
uruscdahdp,0.350953734062416,0,Computer
ovumhfnxqb,0.12278816450816775,1,Computer
shgfyxnbbx,0.05896370885545824,0,Computer
frrmbakefu,0.28753566772158334,1,Music
gemctxtuue,0.7126122309935562,0,MISC
xfslcczzyq,0.7027145633240435,0,Movies
lyoujrdmfd,0.06065642910273275,0,MISC
azjgayzvgw,0.2594958368040991,0,Computer
ypsxdtrvpg,0.07804283357436476,0,Music
dykxubrcup,0.10899967991338982,0,Music
owcvheesuo,0.15685731202476794,0,Movies
btirwdnotz,0.04884359801453887,0,Books
rwmudocbhz,0.4705580244436889,0,Movies
qigyxlcpgi,0.0006794022854416641,0,Movies
uzuobxsaoy,0.40280437475361996,0,Movies
zpfnngiore,0.021823613405946744,0,Music
unwfuulsxf,0.002557953228186568,0,MISC
yjogphiwsj,0.1515634474896521,0,Movies
sgaqjggwio,0.10377441669412145,0,Computer
viqwyneeui,0.0702545694741719,0,MISC
zuxpsgiljl,0.03234033955354938,0,Movies
ayhcoqvgtw,0.11394227757860918,0,Books
jnqadocorc,0.3181453447842414,0,Movies
yrarepiwmu,0.15965148329175657,0,MISC
imktgtiswq,0.048455142422076235,0,MISC
dzrvookxpa,0.556027820010003,0,Movies
jugvvzhyup,0.2013113192150634,0,MISC
vjweusshsr,0.5860307649708196,0,Groceries
gspmrhosub,0.2415321006661531,0,Books
xacifgtwir,0.11115056949423455,0,MISC
ravxyjeydy,0.22569739801862398,0,Music
wzahobrgfm,0.4221048060619234,0,MISC
pwfecyxclp,0.21689255322053744,0,Groceries
cwfzxxnyut,0.03709312823159124,0,MISC
jhdnsqotfz,0.14923661822059026,0,Music
dtylxajlly,0.10570557058150556,0,Groceries
ybzmkkonvm,0.013322646026393672,0,Groceries
urikcyfjcz,0.1311915165262499,0,Groceries
vththcedyi,0.45563369595239955,0,Books
aaifltlquh,0.16344038248903875,0,Books
cncsjnizfn,0.4101644245864775,0,Computer
jziwfhtcuy,0.15535903133732845,0,Groceries
anbeskhjnn,0.23775371533324746,0,Books
dcfnhjfyuj,0.3354270162679867,0,Groceries
tsqfkolicu,0.0679592534432476,0,Music
pibgspizim,0.3332546022811407,0,MISC
ewfqnrslti,0.030497593807422386,0,Groceries
hgwoqnzalc,0.5170469024477725,0,Groceries
mpaebjkece,0.012153142535238904,0,MISC
hmnhuxcazu,0.8641753846600739,0,Books
wfmmjgzxgb,0.32347630979079356,0,Groceries
ckabepdobj,0.10199371656410927,0,Movies
gnzifrwplg,0.34166947254918495,0,Computer
eiqpypdhzx,0.5150651368848714,0,Books
vssprvxsab,0.14388757716331582,1,Computer
bfvvndslwv,0.14076190326786128,0,Computer
xsuzqbpmvy,0.2710743154618529,0,Computer
nujpygykof,0.0763579463843164,0,Groceries
qsvvaabkut,0.08779032794110286,0,Books
rbwjlgvmji,0.07753798200075677,0,Movies
lpbeuakggb,0.15554969528537613,0,Movies
umvozwvdcj,0.3971525466831007,0,Music
udxrsodybu,0.18034201253886567,0,Music
gigenukxke,0.215644713902437,0,Computer
wcnbrmngnz,0.38675193268254016,0,Movies
qkikxpkjch,0.2203485224629378,0,Groceries
imqpkqkcvd,0.1252461037245787,0,Music
maccvvekze,0.022382659234702257,0,Groceries
togaxesbdh,0.023686034741084987,0,Books
czklqvlgze,0.035608041403557576,0,Computer
wrjahccist,0.20344803060787087,0,Books
eusvysjnti,0.21444435237483572,0,Computer
zmhihpjopr,0.1831153321068798,0,Music
ccuqdklacm,0.19600936340659803,0,Movies
ytnrsumadi,0.124058839480263,0,Movies
ajvhcdrrpw,0.01176062967317576,0,Books
evjxoyocyf,0.21626653900636944,0,Computer
ozapdjnqsy,0.19274731898723774,0,Groceries
uydvcnbewj,0.3751798118221834,0,Computer
xaasrraqcd,0.5278731657478077,0,Movies
jiyfempbap,0.25300392154263845,0,Computer
hofilhnsxo,0.38481220924739745,0,MISC
zkuhxdxsgo,0.00270875358851537,0,Groceries
ujtmjhcvyb,0.028470015583122035,0,Movies
mvszyknjvp,0.08956791184059164,0,Music
aghtbzvlxd,0.26479131877179085,0,Music
crokqpufxl,0.1347577327906588,0,Groceries
ucwcqaekwc,0.2634158173998337,0,Computer
ybuxdyuafd,0.5581552264507915,0,Music
pztlcuubbo,0.28276271562914274,0,Movies
neaxrcvojb,0.47994385641056647,0,MISC
cafjjfhtuf,0.27359042493073554,0,Books
nhopmvepem,0.1261264291737144,1,Groceries
cvfolxnvtr,0.17851974866511278,0,Books
uuwsbwrsmf,0.27161420793174523,0,Groceries
gbtmgsyqwd,0.022001788094151292,0,Computer
bpfrnoszov,0.11606852186098454,0,Computer
plzfphrylo,0.14598280809103026,0,Movies
dapfmcbize,0.2494731082370399,0,Movies
gksykfplnx,0.00036438947858082396,0,MISC
qrxiuurqtz,0.057424681735254425,0,Groceries
jjomfabbgn,0.3153525575708551,0,Music
icrpkdaafe,0.13428224896851582,0,Movies
lkhibxgdhh,0.3166286755358607,0,Books
cjjqlotnrp,0.5084877257700667,0,Computer
zagsqaosuj,0.13547324232847466,0,Computer
hbexptvlgs,0.08704170049332037,0,Computer
irhkpecbqs,0.08509671900047079,0,Computer
gdihsathuh,0.4911294043360389,0,Movies
xaiexmzbgo,0.007467201173178423,0,Books
jbkdkloljr,0.01967792499099426,0,Movies
behipgywsy,0.2535006258886006,0,Groceries
azejltqthz,0.6206399631575062,0,Music
rppckwifgm,0.13708576660401406,0,Books
mgrzekirvm,0.20831551929821318,0,Books
zhjczoeedu,0.7451588650091565,0,Books
nhjcjejptd,0.13962979394830352,0,MISC
lklzaojxpb,0.013797730169773906,0,Movies
dtqstkjtft,0.044454046542129526,1,Groceries
eamrxkgblh,0.042370932311630756,0,Groceries
jvandswijw,0.0383873878896098,0,Computer
dbwicbrbvr,0.012758481690754967,0,Books
uyqlcwjfcz,0.3054756075634886,0,Movies
aigfhxeuck,0.2057891660902815,0,Movies
gkcnxodnow,0.0398128407747596,0,Computer
zwjtxfolxv,0.10288594444766647,0,Music
dzvnxnioaa,0.10731213492763687,0,Groceries
psulzkftcp,0.03929343792711892,0,Groceries
kddclwdnlq,0.23223473246057305,0,Groceries
lafxnaaeia,0.5907310396461506,0,MISC
ohtwkowcpt,0.2974779354663216,1,Music
zjdxlmxpse,0.3395121232607595,0,Music
pwdqcdyorw,0.48087048582948644,0,Books
dlpqoipzth,0.025284049236998164,0,Computer
ircdflcpog,0.04163165240710434,0,Groceries
vjuonsknls,0.12430919128208083,0,Movies
qwwfkproxg,0.5880002366738573,0,MISC
ilvkpjgggp,0.1114998967898552,0,Groceries
mixjsgncbo,0.09531547301140639,0,Books
qhspzfqyjg,0.16668242326211155,0,Music
yrzfxuplmx,0.29295959389854237,0,MISC
cbmomteiab,0.8201824314283925,0,Music
qynqwyyfcy,0.07903958203133633,0,Groceries
jasfmmcmro,0.08697390198473065,0,Groceries
hjpqmqrgsp,0.046358765240707256,0,Music
zgifeeedhl,0.007043027642855299,0,Music
rqworvbche,0.021651432623929438,0,Books
gobozxmvah,0.9512122876165194,0,MISC
gnepmmsepa,0.1674182021151206,0,MISC
yyptcomqzb,0.14172186441231685,0,Music
oythxehzev,0.11161061454195759,0,Movies
bfuceffkoh,0.1488622310680787,0,Computer
fslpkpvsfs,0.03445732258446787,0,Computer
wwoewouwpo,0.009859611771072562,0,Movies
dqteguhuyx,0.3074211986071419,0,MISC
aqurwztdwe,0.1207534025553519,0,Computer
olttamdksi,0.019608192002830597,0,Music
llaiaegmdw,0.02960777026229528,0,Books
yttwwlukxf,0.36184069918622064,0,MISC
tvgqctosux,1.0,0,MISC
glzgiuzzwk,0.24977630968412845,0,Computer
gvdngwbikp,0.309345309246029,0,Groceries
lxrsawetxc,0.020702916320696062,1,Movies
vtfrzxlaed,0.31190303213828985,0,MISC
cbcgxvwnnk,0.01939393248198021,1,MISC
qyalmtgokt,0.1971043515810452,0,Movies
xmjbawnrgi,0.003479685873521029,0,Computer
zikbgxjqww,0.01979234203185798,0,Groceries
gpphxejigw,0.17354104546119264,0,Computer
owdmelddev,0.08929974885935116,0,Music
lbqwkqqyvv,0.1595487939657274,0,MISC
szibdagbcf,0.029279014194107847,0,Books
tgaulfjgis,0.21871619443964085,0,Books
kzhpqqkplw,0.14992182666638867,0,Books
hzuagxsxtp,0.14470702670602878,0,Music
vggpxwidox,0.34497594648036595,0,Computer
ktwnmqsdsd,0.14956687485998868,0,MISC
pnffdbrtzv,0.16313129025889866,1,Computer
nkhrgsjguw,0.38034127577424925,0,Computer
qolhuzbcov,0.03171083101902475,0,Computer
swnwjwjdtm,0.047019764143463344,0,Music
jtatkajixi,0.22170306056963085,0,Books
xsfirbkqvu,0.07102222229594327,0,Movies
zlqpyfaywt,0.15605631672150383,0,Music
tusycqjfii,0.0442484692023006,0,MISC
cdpvbseuie,0.37640827941063365,0,Movies
rolwtlthnt,0.17665779319419075,0,Groceries
xzdfnxpzxn,0.11199765891279279,0,Groceries
hflxbofwcz,0.2599423612890512,0,Movies
rzdhkialku,0.17265284221154434,0,Computer
edzmqpmlje,0.010755214682231314,0,Groceries
rjdlbeicyx,0.15980114233998502,0,Music
hzymqdslkw,0.2950747732830785,0,Books
cctplmegcw,0.45185949493271366,0,MISC
stmcsowyix,0.1368296848502671,0,MISC
bybktitxzm,0.19454829325102796,0,Movies
xnnmtizmyn,0.5198354687446092,1,Movies
ttpcestpee,0.017116395979209383,0,Computer
vtfuzttjgl,0.1363756379217179,1,Music
ninvwuyeug,0.4697550937791748,0,Movies
ylvzjtfjvp,0.08844842014633625,0,Movies
hhgxhgnwnt,0.00899802338514618,0,Books
mchoybfrel,0.2846427370474028,0,MISC
wcpqlrsojw,0.1861471985005403,0,Movies
sjszofqqyw,0.08988885530371589,0,Books
qbtqrfstbn,0.17880709046365204,0,Computer
zekvdpzfuk,0.39413679040976557,0,Computer
givacuzxlg,0.21901511566622067,0,MISC
wuvshnytzz,0.06776364291444356,0,Groceries
bolizumved,0.547845556208335,0,Computer
wukpsotxob,0.15487797850998186,0,Books
jtmbzmwzeu,0.11485270850029379,0,Music
nlnmfwdddm,0.14768581778505718,0,Groceries
togfnuqkti,0.09005960365845332,0,Movies
zqtqyxfktk,0.09331760964427385,0,Computer
goigrqvxsv,0.4732768468888103,0,Movies
efjqouanmj,0.044469667035954646,0,MISC
gsazvjpicz,0.15217568976901596,0,MISC
kaixqaztmz,0.29815184569630704,0,Groceries
phmnbrovwd,0.007804013218202738,0,Movies
gmgvzvmvib,0.06539970713936592,0,Groceries
ijlcsvaswy,0.04353425854492643,0,Groceries
qrialcblro,0.3820735182312436,0,Computer
websbvzakc,0.5002812873775945,0,Computer
voqsghkrvo,0.0985246073157948,0,Movies
myshlxtgbq,0.6138157797385606,0,Books
jpuvzsftdr,0.18574799765724442,0,Groceries
vvtiiaizww,0.61109967612455,0,MISC
yafcvofkhv,0.1892421719994138,0,Books
uxdfvkpvuf,0.18856306348023164,0,Groceries
orbmrcrzef,0.12229323113834378,0,Computer
lneaqwnesm,0.4098749368843868,0,Computer
lqeupqvlos,0.4787425458801158,0,MISC
advwtvdymv,0.2241728170486702,0,Movies
fxocpqifwj,0.009074075509046469,0,Groceries
mtmfpvfifx,0.024872420764837876,0,MISC
dbanhrkdff,0.08550948318672846,0,Groceries
sygjsbrwnp,0.07671472627302266,0,Books
hatbshhats,0.01697274408533333,0,Movies
wjccrimpdo,0.5519434182599511,0,MISC
leoxdqxzpl,0.2500969775091687,0,Groceries
nffpjdcdcm,0.7140601764274356,0,MISC
syvgsjpshi,0.050006486498323156,0,Groceries
zgisijwber,0.019994994122391075,0,Books
cboihktonf,0.25068319064754674,0,Computer
ucljtsbmkb,0.11546553516526761,1,Books
erengtqtvz,0.17067102422944633,0,Computer
rkoxyngrdz,0.11834924158705662,0,Music
owvufymtrv,0.006841924280601723,0,MISC
tncmnmzsfa,0.34443293738133707,0,Music
ldfctebmgr,0.3897102623666884,0,Music
jykgrhrxnp,0.048213714871898655,0,Books
vibqklcfat,0.7363452420475646,0,Groceries
ozzwgtlmiz,0.28447774616181076,0,Computer
baitgyxqip,0.03921120739489018,0,MISC
kdnioybfuk,0.062196839736039636,0,MISC
ijiencdony,0.2087802692630838,0,Computer
rikrsopbvp,0.07994324980804006,0,Books
jyoxrfaman,0.05209638118548379,0,Movies
fxwiteesaa,0.016163344739970296,0,Computer
zvapxwvwui,0.05324350953835699,0,Computer
trqayduvnt,0.03717833389764447,1,Books
kpgdknvvix,0.5473355647693325,0,Music
ekhtapuref,0.32447080018893415,0,Computer
etzqcdelcx,0.340416387997893,0,MISC
qsjyflbzxg,0.43210017807789286,0,Books
pbvumcbsao,0.207821015857737,0,Movies
uxsbsnaskq,0.16302016275669085,0,Groceries
gralpdpzgx,0.01557067393163488,0,Books
wxajkcqoxu,0.059124424618505346,0,Computer
ygdvezxzmc,0.012000269111517891,0,MISC
vnuzffcpgm,0.10291083886340165,0,Music
zyaqxvnyex,0.18741972464618442,0,Books
rklazjbbjv,0.06068738081155981,0,Music
oaqseycswr,0.3452811038682417,0,MISC
qpjhrfbhmw,0.008178935700563342,0,Movies
whokxvqycn,0.12696689233412725,0,Computer
ldrcetjyxn,0.08357507251832345,0,Music
rshwqsoowa,0.40604350213033547,0,Groceries
zthfopmjiu,0.4424306967807403,0,Music
setzlpzfxd,0.054018492662271766,0,MISC
hoazjgixyo,0.3258498268348673,0,Groceries
bffvkmajfo,0.3765774994155828,0,Music
pguiipdyzt,0.310207988199852,0,Computer
lnqysrusmn,0.06351756614642942,0,Movies
rwkukycqsi,0.37949322395314533,0,Music
kacwcpkueb,0.20189364152265876,0,Groceries
btfzrfmqyi,0.12178043907234551,0,Music
vnsbfjucql,0.10086366395612811,0,Books
pexhtgwirc,0.7342922850047735,0,Books
fzercxhhgk,0.31853006667526046,0,Computer
hbuwmpqviz,0.05354401539759677,0,Music
syaovtgnfj,0.18952910861874706,1,Books
gtzmciadyc,0.08521675532480633,0,MISC
jxudqhvchd,0.10982083635704194,0,Books
zuorcpjzwb,0.0020630799148317787,0,Movies
hxgiuehmus,0.7704900827527301,0,Movies
yzgxmbpqud,0.29376403524335387,0,Books
lgjgkglkyn,0.21239004270270653,0,Groceries
rxbcqzexfu,0.12967729032328335,0,Books
qunehaxbhu,0.23648261976171356,1,MISC
eanwmqwjxn,0.14516987891929387,0,MISC
iygqejvixu,0.3510407858433741,0,Books
xdsgljzssm,0.39278334775319296,0,MISC
jugwycqwao,0.2036360491702407,0,Computer
dbrpzkpkks,0.17388341599031282,0,Groceries
aqhncghiph,0.2923678781293421,0,Books
ygowynvwhd,0.07648134818966398,0,MISC
zepxclvvfl,0.2677806394145808,0,Books
oiauwlvpmy,0.04336636915158506,0,MISC
mlisjbqpsd,0.02204906077748087,0,Books
djqdwcopkb,0.0046442775189524076,0,Music
gmioljvkal,0.12358211139233682,0,MISC
sbgflanbwk,0.14275232642006483,0,Groceries
pukqtcyasc,0.2861279585677628,0,Computer
ytdhotddkx,0.08022975856957505,0,Music
hktohvetle,0.0800536937281991,0,Books
jpcwvdlvbr,0.1309873235390042,0,Computer
ojyvxbgpqi,0.1691156285061104,0,Music
eksticswhx,0.5921224046635555,0,Computer
xhzrmmpgdn,0.05408819734332602,0,Groceries
kqrohldzcz,0.2378046805566239,0,Movies
tnhstirauw,0.14749107278509127,0,Books
fsywahjjxb,0.2028050224672692,0,Books
tmazpomekn,0.11000975271004805,0,Music
ghwucvjruh,0.19126459848741773,0,Music
yjutgpukkw,0.03598627899703362,0,Computer
ekgtqqtogn,0.41332666406561236,0,Music
